quarter,location,Consumer Bankruptcies,Consumer Proposals,Corporate Bankruptcies,Corporate Proposals,Individual Business Bankruptcies,Individual Business Proposals
1987_Q1,AB,681,2,34,1,250,2
1987_Q1,BC,702,4,76,9,292,4
1987_Q1,CAN,6401,89,525,40,1585,17
1987_Q1,MB,277,3,6,1,68,1
1987_Q1,NB,71,2,3,0,17,1
1987_Q1,NL,85,0,7,0,11,0
1987_Q1,NS,270,1,10,0,56,1
1987_Q1,NT,0,0,0,0,0,0
1987_Q1,ON,2161,63,145,4,350,3
1987_Q1,PE,8,0,0,1,0,0
1987_Q1,QC,2003,12,235,24,455,5
1987_Q1,SK,143,2,9,0,86,0
1987_Q1,YT,0,0,0,0,0,0
1987_Q2,AB,681,3,26,1,228,0
1987_Q2,BC,722,4,41,4,302,4
1987_Q2,CAN,6092,72,468,37,1495,7
1987_Q2,MB,265,1,8,1,72,0
1987_Q2,NB,67,6,1,1,17,1
1987_Q2,NL,57,0,1,0,4,0
1987_Q2,NS,280,2,6,0,44,0
1987_Q2,NT,0,0,0,0,0,0
1987_Q2,ON,2036,49,115,9,309,0
1987_Q2,PE,9,0,0,0,3,0
1987_Q2,QC,1818,7,259,19,435,2
1987_Q2,SK,157,0,11,2,81,0
1987_Q2,YT,0,0,0,0,0,0
1987_Q3,AB,591,2,15,0,207,0
1987_Q3,BC,722,3,41,1,258,4
1987_Q3,CAN,5875,70,414,21,1349,9
1987_Q3,MB,253,4,3,0,61,1
1987_Q3,NB,35,4,1,0,10,1
1987_Q3,NL,52,1,3,1,10,0
1987_Q3,NS,195,2,5,0,40,0
1987_Q3,NT,0,0,0,0,0,0
1987_Q3,ON,1969,48,105,5,302,2
1987_Q3,PE,10,0,0,0,0,0
1987_Q3,QC,1899,6,235,14,381,1
1987_Q3,SK,149,0,6,0,80,0
1987_Q3,YT,0,0,0,0,0,0
1987_Q4,AB,736,4,28,0,229,0
1987_Q4,BC,748,6,44,1,235,2
1987_Q4,CAN,6068,68,554,36,1378,12
1987_Q4,MB,229,3,19,0,48,1
1987_Q4,NB,46,4,4,0,14,3
1987_Q4,NL,54,0,7,1,6,0
1987_Q4,NS,219,3,7,0,38,0
1987_Q4,NT,0,0,0,0,0,0
1987_Q4,ON,1866,41,122,10,292,2
1987_Q4,PE,0,0,1,0,1,0
1987_Q4,QC,1991,6,310,24,439,4
1987_Q4,SK,179,1,12,0,76,0
1987_Q4,YT,0,0,0,0,0,0
1988_Q1,AB,727,6,24,0,243,0
1988_Q1,BC,720,2,44,7,313,4
1988_Q1,CAN,6700,84,584,34,1627,15
1988_Q1,MB,264,3,13,1,57,2
1988_Q1,NB,63,5,5,0,12,1
1988_Q1,NL,56,0,9,1,11,0
1988_Q1,NS,279,3,13,1,34,1
1988_Q1,NT,0,0,0,0,0,0
1988_Q1,ON,1919,48,115,4,352,2
1988_Q1,PE,9,3,2,1,2,0
1988_Q1,QC,2463,14,347,19,481,5
1988_Q1,SK,200,0,12,0,122,0
1988_Q1,YT,0,0,0,0,0,0
1988_Q2,AB,669,2,22,0,208,3
1988_Q2,BC,680,1,37,1,269,7
1988_Q2,CAN,6345,78,497,21,1439,18
1988_Q2,MB,255,1,4,0,56,1
1988_Q2,NB,56,3,5,0,14,0
1988_Q2,NL,62,0,3,0,5,0
1988_Q2,NS,291,2,6,1,43,0
1988_Q2,NT,0,0,0,0,0,0
1988_Q2,ON,1852,60,113,5,316,2
1988_Q2,PE,11,0,1,0,0,0
1988_Q2,QC,2286,9,293,14,437,5
1988_Q2,SK,183,0,13,0,91,0
1988_Q2,YT,0,0,0,0,0,0
1988_Q3,AB,598,0,16,1,211,0
1988_Q3,BC,607,6,49,2,231,1
1988_Q3,CAN,6232,67,553,29,1435,10
1988_Q3,MB,255,4,7,0,62,1
1988_Q3,NB,50,0,5,1,20,0
1988_Q3,NL,55,0,1,0,7,0
1988_Q3,NS,270,2,14,0,37,1
1988_Q3,NT,0,0,0,0,0,0
1988_Q3,ON,1902,46,129,7,324,2
1988_Q3,PE,18,0,0,0,1,0
1988_Q3,QC,2272,9,323,18,429,5
1988_Q3,SK,205,0,9,0,113,0
1988_Q3,YT,0,0,0,0,0,0
1988_Q4,AB,557,1,34,3,229,0
1988_Q4,BC,551,3,34,5,216,4
1988_Q4,CAN,6546,96,629,39,1382,12
1988_Q4,MB,297,3,10,0,69,1
1988_Q4,NB,75,2,2,0,16,0
1988_Q4,NL,44,0,2,0,9,0
1988_Q4,NS,204,0,8,0,50,1
1988_Q4,NT,0,0,0,0,0,0
1988_Q4,ON,1854,82,137,9,272,1
1988_Q4,PE,15,0,0,0,3,0
1988_Q4,QC,2764,5,394,22,425,5
1988_Q4,SK,185,0,8,0,93,0
1988_Q4,YT,0,0,0,0,0,0
1989_Q1,AB,561,0,19,1,222,0
1989_Q1,BC,625,3,43,6,260,2
1989_Q1,CAN,6751,84,655,29,1530,10
1989_Q1,MB,309,1,15,1,69,0
1989_Q1,NB,56,5,5,0,19,1
1989_Q1,NL,32,0,3,0,8,0
1989_Q1,NS,217,2,10,1,75,0
1989_Q1,NT,0,0,0,0,0,0
1989_Q1,ON,1952,60,139,6,287,2
1989_Q1,PE,10,0,1,0,1,0
1989_Q1,QC,2765,13,411,14,462,4
1989_Q1,SK,224,0,9,0,127,1
1989_Q1,YT,0,0,0,0,0,0
1989_Q2,AB,657,1,31,2,246,0
1989_Q2,BC,574,4,33,7,271,2
1989_Q2,CAN,7094,69,594,42,1615,7
1989_Q2,MB,358,2,17,1,75,1
1989_Q2,NB,74,0,6,0,20,0
1989_Q2,NL,70,0,3,0,15,0
1989_Q2,NS,279,0,13,0,67,0
1989_Q2,NT,0,0,0,0,0,0
1989_Q2,ON,2188,57,129,8,288,1
1989_Q2,PE,6,0,0,0,2,0
1989_Q2,QC,2611,5,352,24,494,3
1989_Q2,SK,277,0,10,0,137,0
1989_Q2,YT,0,0,0,0,0,0
1989_Q3,AB,641,0,18,5,204,0
1989_Q3,BC,596,1,30,1,164,0
1989_Q3,CAN,7206,98,564,37,1402,9
1989_Q3,MB,385,1,9,2,86,0
1989_Q3,NB,61,3,1,0,16,0
1989_Q3,NL,75,0,3,0,11,1
1989_Q3,NS,299,0,11,1,51,2
1989_Q3,NT,0,0,0,0,0,0
1989_Q3,ON,2201,89,127,7,271,1
1989_Q3,PE,5,0,0,0,2,0
1989_Q3,QC,2688,4,351,21,487,5
1989_Q3,SK,255,0,14,0,110,0
1989_Q3,YT,0,0,0,0,0,0
1989_Q4,AB,749,4,24,1,224,0
1989_Q4,BC,626,7,32,3,219,0
1989_Q4,CAN,8104,107,694,56,1681,9
1989_Q4,MB,366,3,11,1,110,2
1989_Q4,NB,76,0,8,0,17,0
1989_Q4,NL,78,3,4,0,16,0
1989_Q4,NS,339,2,5,1,57,0
1989_Q4,NT,0,0,0,0,0,0
1989_Q4,ON,2529,74,172,12,273,3
1989_Q4,PE,6,0,0,0,0,0
1989_Q4,QC,3079,13,421,38,633,4
1989_Q4,SK,255,1,17,0,131,0
1989_Q4,YT,1,0,0,0,1,0
1990_Q1,AB,768,2,27,0,260,1
1990_Q1,BC,653,6,41,4,246,6
1990_Q1,CAN,8826,132,781,63,1868,13
1990_Q1,MB,375,2,13,0,83,0
1990_Q1,NB,104,3,4,0,31,2
1990_Q1,NL,93,0,5,1,7,0
1990_Q1,NS,360,1,12,3,73,0
1990_Q1,NT,0,0,0,0,0,0
1990_Q1,ON,2983,110,201,16,324,1
1990_Q1,PE,5,0,0,0,2,0
1990_Q1,QC,3199,8,460,39,671,2
1990_Q1,SK,280,0,18,0,170,1
1990_Q1,YT,6,0,0,0,1,0
1990_Q2,AB,865,1,26,2,224,0
1990_Q2,BC,697,4,54,10,231,8
1990_Q2,CAN,9533,130,805,66,1920,19
1990_Q2,MB,444,3,7,0,87,3
1990_Q2,NB,118,1,6,0,24,0
1990_Q2,NL,119,0,4,1,12,0
1990_Q2,NS,432,1,21,0,108,0
1990_Q2,NT,0,0,0,0,0,0
1990_Q2,ON,3469,107,212,12,461,2
1990_Q2,PE,9,0,0,0,7,0
1990_Q2,QC,3059,13,463,41,612,6
1990_Q2,SK,321,0,12,0,154,0
1990_Q2,YT,0,0,0,0,0,0
1990_Q3,AB,1034,1,37,0,228,1
1990_Q3,BC,765,3,36,3,235,2
1990_Q3,CAN,10802,116,846,44,2049,20
1990_Q3,MB,484,5,16,2,93,2
1990_Q3,NB,103,2,6,0,26,0
1990_Q3,NL,102,0,4,1,37,0
1990_Q3,NS,355,2,15,0,131,0
1990_Q3,NT,0,0,0,0,0,0
1990_Q3,ON,4268,89,236,9,509,5
1990_Q3,PE,16,0,1,0,3,0
1990_Q3,QC,3327,14,474,29,682,10
1990_Q3,SK,348,0,21,0,105,0
1990_Q3,YT,0,0,0,0,0,0
1990_Q4,AB,1114,1,49,1,275,3
1990_Q4,BC,946,12,48,5,274,4
1990_Q4,CAN,13579,206,987,72,2460,19
1990_Q4,MB,585,7,7,1,108,0
1990_Q4,NB,109,1,7,0,43,0
1990_Q4,NL,138,0,4,0,19,0
1990_Q4,NS,424,2,15,0,115,0
1990_Q4,NT,0,0,0,0,0,0
1990_Q4,ON,5511,171,265,9,703,2
1990_Q4,PE,16,0,0,0,5,0
1990_Q4,QC,4344,11,579,55,785,10
1990_Q4,SK,390,0,13,0,127,0
1990_Q4,YT,2,1,0,1,6,0
1991_Q1,AB,1301,1,51,2,327,0
1991_Q1,BC,1034,4,40,9,342,7
1991_Q1,CAN,14964,229,987,62,2712,41
1991_Q1,MB,621,7,12,1,108,1
1991_Q1,NB,153,4,5,0,49,0
1991_Q1,NL,179,0,11,0,22,0
1991_Q1,NS,473,1,28,2,144,1
1991_Q1,NT,1,0,1,0,0,0
1991_Q1,ON,6037,178,261,13,764,11
1991_Q1,PE,12,0,2,0,0,0
1991_Q1,QC,4718,32,563,34,789,21
1991_Q1,SK,435,2,13,1,167,0
1991_Q1,YT,0,0,0,0,0,0
1991_Q2,AB,1390,3,54,1,279,1
1991_Q2,BC,1206,3,47,3,239,9
1991_Q2,CAN,15629,255,962,49,2354,26
1991_Q2,MB,594,3,9,1,83,0
1991_Q2,NB,132,3,12,1,36,0
1991_Q2,NL,202,0,4,0,19,0
1991_Q2,NS,619,2,13,0,130,1
1991_Q2,NT,3,0,0,0,1,0
1991_Q2,ON,6628,221,227,9,669,8
1991_Q2,PE,16,0,1,0,11,0
1991_Q2,QC,4437,19,580,34,744,7
1991_Q2,SK,397,1,15,0,143,0
1991_Q2,YT,5,0,0,0,0,0
1991_Q3,AB,1370,2,40,1,270,0
1991_Q3,BC,1101,7,38,2,275,1
1991_Q3,CAN,15276,227,790,46,2296,19
1991_Q3,MB,665,6,13,1,73,0
1991_Q3,NB,124,8,5,0,51,1
1991_Q3,NL,170,0,6,0,42,0
1991_Q3,NS,551,0,7,1,131,1
1991_Q3,NT,2,0,0,0,0,0
1991_Q3,ON,6413,187,170,15,622,5
1991_Q3,PE,10,0,1,0,1,0
1991_Q3,QC,4479,17,499,26,706,9
1991_Q3,SK,389,0,11,0,124,2
1991_Q3,YT,2,0,0,0,1,0
1991_Q4,AB,1449,3,45,1,243,0
1991_Q4,BC,1104,2,45,2,266,6
1991_Q4,CAN,16164,270,935,36,2532,23
1991_Q4,MB,690,8,14,2,102,2
1991_Q4,NB,112,4,7,1,63,0
1991_Q4,NL,129,0,4,0,43,0
1991_Q4,NS,541,3,10,0,201,1
1991_Q4,NT,4,0,0,1,1,0
1991_Q4,ON,7057,223,202,5,727,6
1991_Q4,PE,15,0,0,0,9,0
1991_Q4,QC,4678,27,601,24,771,7
1991_Q4,SK,385,0,7,0,106,1
1991_Q4,YT,0,0,0,0,0,0
1992_Q1,AB,1633,1,50,2,283,1
1992_Q1,BC,1344,15,49,5,265,0
1992_Q1,CAN,16636,270,999,42,2729,22
1992_Q1,MB,628,2,13,0,94,2
1992_Q1,NB,123,0,13,1,72,0
1992_Q1,NL,168,0,0,0,44,0
1992_Q1,NS,506,0,19,0,230,2
1992_Q1,NT,5,0,0,0,2,0
1992_Q1,ON,7231,233,257,7,801,9
1992_Q1,PE,6,0,1,0,7,0
1992_Q1,QC,4528,19,587,27,802,8
1992_Q1,SK,464,0,10,0,129,0
1992_Q1,YT,0,0,0,0,0,0
1992_Q2,AB,1475,1,50,0,353,2
1992_Q2,BC,1310,21,43,4,220,4
1992_Q2,CAN,15635,285,881,33,2769,24
1992_Q2,MB,663,2,7,0,71,0
1992_Q2,NB,159,0,11,0,69,0
1992_Q2,NL,189,0,6,0,36,0
1992_Q2,NS,543,1,15,0,181,2
1992_Q2,NT,2,0,0,0,3,0
1992_Q2,ON,6959,228,225,3,824,7
1992_Q2,PE,23,0,3,0,7,0
1992_Q2,QC,3891,31,509,26,865,9
1992_Q2,SK,421,1,12,0,140,0
1992_Q2,YT,0,0,0,0,0,0
1992_Q3,AB,1399,4,42,0,345,0
1992_Q3,BC,1125,12,43,6,209,4
1992_Q3,CAN,14659,208,829,46,2677,24
1992_Q3,MB,608,7,5,2,54,2
1992_Q3,NB,135,1,8,1,62,1
1992_Q3,NL,156,0,5,0,36,0
1992_Q3,NS,441,1,18,1,182,1
1992_Q3,NT,1,0,0,0,2,0
1992_Q3,ON,6535,158,172,10,945,4
1992_Q3,PE,9,0,1,0,10,0
1992_Q3,QC,3916,25,525,26,720,12
1992_Q3,SK,334,0,10,0,112,0
1992_Q3,YT,0,0,0,0,0,0
1992_Q4,AB,1429,14,57,2,291,2
1992_Q4,BC,1091,18,48,9,180,4
1992_Q4,CAN,14657,293,924,82,2571,41
1992_Q4,MB,647,13,15,2,80,4
1992_Q4,NB,116,1,5,0,59,0
1992_Q4,NL,132,1,4,0,41,0
1992_Q4,NS,359,2,15,3,172,0
1992_Q4,NT,4,0,0,0,1,0
1992_Q4,ON,6232,201,195,22,843,13
1992_Q4,PE,15,0,1,0,9,0
1992_Q4,QC,4289,42,568,43,794,16
1992_Q4,SK,343,1,16,1,101,2
1992_Q4,YT,0,0,0,0,0,0
1993_Q1,AB,1499,53,48,3,328,6
1993_Q1,BC,1055,18,42,13,208,11
1993_Q1,CAN,14433,530,976,140,2587,89
1993_Q1,MB,653,21,15,2,67,6
1993_Q1,NB,105,1,7,1,53,3
1993_Q1,NL,127,2,3,3,38,1
1993_Q1,NS,365,8,13,6,176,10
1993_Q1,NT,8,0,0,1,2,0
1993_Q1,ON,6030,337,269,34,899,28
1993_Q1,PE,12,0,0,0,7,1
1993_Q1,QC,4248,79,570,71,694,19
1993_Q1,SK,331,11,9,6,115,4
1993_Q1,YT,0,0,0,0,0,0
1993_Q2,AB,1353,75,40,5,305,15
1993_Q2,BC,1110,15,36,7,202,2
1993_Q2,CAN,13811,549,810,131,2295,75
1993_Q2,MB,614,26,17,2,42,1
1993_Q2,NB,131,7,12,0,33,2
1993_Q2,NL,143,5,4,3,25,0
1993_Q2,NS,454,13,9,2,133,5
1993_Q2,NT,1,1,0,0,0,0
1993_Q2,ON,5946,333,204,28,811,27
1993_Q2,PE,15,0,1,0,6,0
1993_Q2,QC,3697,60,477,81,633,21
1993_Q2,SK,347,14,10,3,105,2
1993_Q2,YT,0,0,0,0,0,0
1993_Q3,AB,1231,100,53,5,320,13
1993_Q3,BC,948,26,30,4,159,2
1993_Q3,CAN,12808,567,738,116,2021,66
1993_Q3,MB,591,26,16,3,44,0
1993_Q3,NB,116,7,6,1,34,0
1993_Q3,NL,133,12,3,1,25,0
1993_Q3,NS,391,32,12,2,82,4
1993_Q3,NT,3,0,1,0,1,0
1993_Q3,ON,5387,293,198,35,683,22
1993_Q3,PE,20,0,1,0,5,0
1993_Q3,QC,3742,60,411,65,578,21
1993_Q3,SK,246,11,7,0,90,4
1993_Q3,YT,0,0,0,0,0,0
1993_Q4,AB,1258,76,40,4,338,11
1993_Q4,BC,944,27,31,6,150,2
1993_Q4,CAN,13387,533,849,179,2164,89
1993_Q4,MB,507,38,12,1,51,3
1993_Q4,NB,113,2,4,2,48,4
1993_Q4,NL,119,4,2,2,39,0
1993_Q4,NS,380,29,11,2,95,6
1993_Q4,NT,4,1,0,1,4,2
1993_Q4,ON,5716,274,215,42,708,27
1993_Q4,PE,4,0,0,0,17,1
1993_Q4,QC,4059,66,529,118,651,31
1993_Q4,SK,282,16,5,1,62,2
1993_Q4,YT,1,0,0,0,1,0
1994_Q1,AB,1459,67,40,8,408,23
1994_Q1,BC,1168,29,38,7,146,5
1994_Q1,CAN,13457,583,851,138,2158,100
1994_Q1,MB,537,51,16,3,51,4
1994_Q1,NB,90,3,10,4,41,3
1994_Q1,NL,158,0,1,0,44,0
1994_Q1,NS,372,51,15,1,91,6
1994_Q1,NT,7,0,0,0,1,0
1994_Q1,ON,5358,283,215,29,666,21
1994_Q1,PE,13,0,2,0,8,0
1994_Q1,QC,3990,79,500,85,588,31
1994_Q1,SK,302,20,14,1,113,7
1994_Q1,YT,3,0,0,0,1,0
1994_Q2,AB,1511,61,52,6,373,14
1994_Q2,BC,1053,29,30,7,163,4
1994_Q2,CAN,13508,621,763,133,2136,68
1994_Q2,MB,562,37,11,0,45,2
1994_Q2,NB,111,5,11,2,56,0
1994_Q2,NL,185,2,4,2,29,0
1994_Q2,NS,377,40,12,2,142,7
1994_Q2,NT,7,6,1,0,0,0
1994_Q2,ON,5502,313,204,25,677,13
1994_Q2,PE,10,0,0,0,11,0
1994_Q2,QC,3857,103,431,88,562,24
1994_Q2,SK,329,25,7,1,77,4
1994_Q2,YT,4,0,0,0,1,0
1994_Q3,AB,1531,60,43,5,280,16
1994_Q3,BC,953,29,22,7,178,4
1994_Q3,CAN,13262,569,665,121,1865,72
1994_Q3,MB,567,35,7,1,44,0
1994_Q3,NB,127,5,7,0,34,0
1994_Q3,NL,155,3,5,0,25,1
1994_Q3,NS,383,37,8,0,98,7
1994_Q3,NT,2,0,0,0,2,0
1994_Q3,ON,5308,302,165,28,548,16
1994_Q3,PE,15,0,0,0,7,0
1994_Q3,QC,3912,86,402,79,562,25
1994_Q3,SK,309,11,6,1,87,3
1994_Q3,YT,0,1,0,0,0,0
1994_Q4,AB,1450,58,51,5,334,18
1994_Q4,BC,977,37,37,12,190,13
1994_Q4,CAN,13311,527,837,139,2115,80
1994_Q4,MB,572,34,8,1,38,0
1994_Q4,NB,112,0,11,5,31,1
1994_Q4,NL,182,4,7,0,17,0
1994_Q4,NS,380,42,12,1,112,8
1994_Q4,NT,3,2,0,0,2,0
1994_Q4,ON,5099,254,179,19,647,12
1994_Q4,PE,10,0,1,0,14,0
1994_Q4,QC,4222,78,525,96,635,26
1994_Q4,SK,301,18,6,0,94,2
1994_Q4,YT,3,0,0,0,1,0
1995_Q1,AB,1897,54,54,12,469,13
1995_Q1,BC,1119,38,48,8,189,8
1995_Q1,CAN,14993,656,861,154,2392,103
1995_Q1,MB,628,59,4,1,36,5
1995_Q1,NB,95,7,9,1,43,2
1995_Q1,NL,168,4,5,4,49,1
1995_Q1,NS,433,44,16,1,110,13
1995_Q1,NT,4,1,0,0,4,0
1995_Q1,ON,5547,323,176,28,719,17
1995_Q1,PE,15,0,2,0,9,2
1995_Q1,QC,4737,101,534,98,671,38
1995_Q1,SK,347,25,13,1,93,4
1995_Q1,YT,3,0,0,0,0,0
1995_Q2,AB,2013,61,50,11,469,19
1995_Q2,BC,1138,46,37,11,179,5
1995_Q2,CAN,16159,727,825,156,2364,72
1995_Q2,MB,635,55,8,2,48,3
1995_Q2,NB,128,6,16,1,62,0
1995_Q2,NL,200,3,3,0,49,1
1995_Q2,NS,454,43,15,2,132,10
1995_Q2,NT,6,2,0,1,2,1
1995_Q2,ON,6157,345,173,26,676,10
1995_Q2,PE,17,0,1,0,9,0
1995_Q2,QC,5028,137,517,99,658,20
1995_Q2,SK,375,26,5,3,80,3
1995_Q2,YT,8,3,0,0,0,0
1995_Q3,AB,2045,48,44,7,449,17
1995_Q3,BC,1182,51,50,7,184,6
1995_Q3,CAN,16675,676,808,147,2161,79
1995_Q3,MB,628,66,8,1,49,2
1995_Q3,NB,129,3,9,1,53,4
1995_Q3,NL,182,9,0,1,33,0
1995_Q3,NS,455,49,7,3,98,7
1995_Q3,NT,4,0,1,0,1,0
1995_Q3,ON,6279,321,178,34,568,24
1995_Q3,PE,22,0,0,0,7,1
1995_Q3,QC,5365,107,504,91,636,14
1995_Q3,SK,383,22,7,1,83,4
1995_Q3,YT,1,0,0,1,0,0
1995_Q4,AB,2192,56,63,18,526,18
1995_Q4,BC,1290,66,44,11,209,5
1995_Q4,CAN,17505,767,914,167,2494,104
1995_Q4,MB,605,66,8,2,46,3
1995_Q4,NB,146,7,17,0,52,0
1995_Q4,NL,191,19,2,1,36,2
1995_Q4,NS,377,47,8,2,148,8
1995_Q4,NT,6,1,0,0,2,0
1995_Q4,ON,6606,337,195,38,634,35
1995_Q4,PE,12,1,1,0,10,2
1995_Q4,QC,5677,143,570,94,753,25
1995_Q4,SK,400,24,6,1,72,6
1995_Q4,YT,3,0,0,0,6,0
1996_Q1,AB,2483,78,51,20,546,16
1996_Q1,BC,1516,73,37,17,223,11
1996_Q1,CAN,19262,842,1078,187,2746,100
1996_Q1,MB,674,75,10,0,62,4
1996_Q1,NB,181,2,13,2,62,3
1996_Q1,NL,181,3,5,3,32,2
1996_Q1,NS,535,77,18,3,142,7
1996_Q1,NT,12,0,1,0,3,0
1996_Q1,ON,6933,346,232,27,671,20
1996_Q1,PE,16,0,0,0,19,0
1996_Q1,QC,6271,145,696,115,878,33
1996_Q1,SK,459,43,15,0,107,4
1996_Q1,YT,1,0,0,0,1,0
1996_Q2,AB,2408,62,50,12,524,40
1996_Q2,BC,1732,102,30,8,219,9
1996_Q2,CAN,20098,938,881,203,2562,148
1996_Q2,MB,745,70,6,3,70,3
1996_Q2,NB,178,7,16,9,79,4
1996_Q2,NL,221,1,3,1,48,0
1996_Q2,NS,552,160,14,1,153,14
1996_Q2,NT,8,1,1,0,5,0
1996_Q2,ON,7786,349,190,33,597,34
1996_Q2,PE,27,1,0,0,17,0
1996_Q2,QC,5985,133,564,134,754,37
1996_Q2,SK,447,52,7,2,93,7
1996_Q2,YT,9,0,0,0,3,0
1996_Q3,AB,2474,69,47,8,332,16
1996_Q3,BC,1522,100,38,13,154,6
1996_Q3,CAN,19249,922,883,163,2274,96
1996_Q3,MB,642,64,7,0,62,1
1996_Q3,NB,198,4,8,1,72,3
1996_Q3,NL,227,3,4,0,70,0
1996_Q3,NS,478,199,11,1,157,7
1996_Q3,NT,8,0,0,0,2,0
1996_Q3,ON,7264,312,178,27,597,24
1996_Q3,PE,13,3,2,0,11,1
1996_Q3,QC,5960,126,583,112,720,32
1996_Q3,SK,455,42,5,1,94,6
1996_Q3,YT,8,0,0,0,3,0
1996_Q4,AB,2561,78,45,18,348,19
1996_Q4,BC,1661,118,33,15,175,12
1996_Q4,CAN,20895,1030,823,209,2352,115
1996_Q4,MB,703,55,6,1,69,4
1996_Q4,NB,239,5,16,1,77,2
1996_Q4,NL,198,3,0,0,38,2
1996_Q4,NS,465,201,5,1,155,13
1996_Q4,NT,8,2,0,0,2,1
1996_Q4,ON,7958,344,169,41,735,31
1996_Q4,PE,21,0,0,0,6,2
1996_Q4,QC,6629,192,542,129,662,25
1996_Q4,SK,441,31,7,3,85,4
1996_Q4,YT,11,1,0,0,0,0
1997_Q1,AB,2769,83,57,8,359,25
1997_Q1,BC,1885,125,38,17,215,13
1997_Q1,CAN,21143,1157,905,193,2424,111
1997_Q1,MB,658,54,9,0,64,2
1997_Q1,NB,302,7,10,1,76,1
1997_Q1,NL,220,0,1,2,47,0
1997_Q1,NS,589,202,14,3,190,10
1997_Q1,NT,19,1,0,1,4,0
1997_Q1,ON,7475,405,212,28,721,23
1997_Q1,PE,29,2,2,0,14,0
1997_Q1,QC,6647,204,554,132,639,31
1997_Q1,SK,540,74,8,1,93,6
1997_Q1,YT,10,0,0,0,2,0
1997_Q2,AB,2654,93,49,7,367,28
1997_Q2,BC,2003,118,33,4,221,10
1997_Q2,CAN,23223,1347,767,186,2464,135
1997_Q2,MB,706,39,10,1,64,0
1997_Q2,NB,279,4,2,6,88,2
1997_Q2,NL,306,0,2,0,26,1
1997_Q2,NS,712,225,9,2,173,16
1997_Q2,NT,16,0,1,2,6,0
1997_Q2,ON,8867,534,180,49,672,36
1997_Q2,PE,31,2,0,1,12,0
1997_Q2,QC,7161,272,479,114,737,41
1997_Q2,SK,472,60,2,0,97,1
1997_Q2,YT,16,0,0,0,1,0
1997_Q3,AB,2394,89,36,3,303,15
1997_Q3,BC,1851,140,29,13,142,8
1997_Q3,CAN,21694,1283,695,164,2115,91
1997_Q3,MB,750,54,9,2,64,4
1997_Q3,NB,335,6,3,0,80,2
1997_Q3,NL,266,2,2,0,52,0
1997_Q3,NS,559,177,8,1,143,6
1997_Q3,NT,13,4,0,3,6,0
1997_Q3,ON,8225,509,148,47,616,25
1997_Q3,PE,21,0,0,0,26,1
1997_Q3,QC,6833,244,458,95,592,19
1997_Q3,SK,442,58,2,0,90,11
1997_Q3,YT,5,0,0,0,1,0
1997_Q4,AB,2100,116,31,9,261,31
1997_Q4,BC,1618,120,41,23,179,9
1997_Q4,CAN,19174,1356,749,194,2073,138
1997_Q4,MB,657,53,6,3,66,1
1997_Q4,NB,245,14,8,2,63,2
1997_Q4,NL,276,7,3,0,41,0
1997_Q4,NS,563,172,5,1,124,8
1997_Q4,NT,18,0,0,1,0,1
1997_Q4,ON,7021,488,153,35,628,40
1997_Q4,PE,22,0,0,0,20,0
1997_Q4,QC,6307,332,496,119,633,32
1997_Q4,SK,341,54,6,1,58,12
1997_Q4,YT,6,0,0,0,0,2
1998_Q1,AB,2187,132,37,11,332,15
1998_Q1,BC,1658,113,41,9,165,3
1998_Q1,CAN,19166,1542,762,149,2124,135
1998_Q1,MB,635,57,11,1,58,5
1998_Q1,NB,290,6,10,0,63,2
1998_Q1,NL,293,2,2,0,57,0
1998_Q1,NS,611,172,6,2,113,8
1998_Q1,NT,15,2,1,2,2,1
1998_Q1,ON,7001,620,162,32,616,42
1998_Q1,PE,37,2,2,0,5,0
1998_Q1,QC,5973,373,485,90,602,34
1998_Q1,SK,453,62,5,2,110,25
1998_Q1,YT,13,1,0,0,1,0
1998_Q2,AB,2206,162,28,8,300,32
1998_Q2,BC,2108,163,36,11,226,20
1998_Q2,CAN,21096,1853,662,175,2059,162
1998_Q2,MB,636,47,8,1,68,4
1998_Q2,NB,293,17,10,2,54,4
1998_Q2,NL,396,7,1,1,21,0
1998_Q2,NS,759,182,9,1,77,12
1998_Q2,NT,12,2,0,0,2,1
1998_Q2,ON,7601,763,155,40,619,43
1998_Q2,PE,40,3,1,0,3,1
1998_Q2,QC,6608,438,410,111,586,34
1998_Q2,SK,425,68,4,0,103,11
1998_Q2,YT,12,1,0,0,0,0
1998_Q3,AB,1880,135,39,8,289,27
1998_Q3,BC,1752,135,36,12,253,15
1998_Q3,CAN,17447,1920,602,173,1886,157
1998_Q3,MB,600,65,7,1,40,7
1998_Q3,NB,240,9,6,2,46,3
1998_Q3,NL,264,4,3,0,16,0
1998_Q3,NS,622,135,6,3,56,4
1998_Q3,NT,12,1,0,0,1,0
1998_Q3,ON,5845,776,109,36,621,55
1998_Q3,PE,39,1,1,0,8,0
1998_Q3,QC,5826,588,385,111,454,40
1998_Q3,SK,361,71,10,0,101,6
1998_Q3,YT,6,0,0,0,1,0
1998_Q4,AB,1836,117,34,5,290,26
1998_Q4,BC,1804,119,27,28,249,22
1998_Q4,CAN,17714,2118,734,201,1966,177
1998_Q4,MB,551,54,16,1,58,2
1998_Q4,NB,283,9,9,2,41,6
1998_Q4,NL,226,8,2,0,16,1
1998_Q4,NS,602,144,9,0,69,5
1998_Q4,NT,10,2,0,0,0,0
1998_Q4,ON,5799,847,167,42,689,61
1998_Q4,PE,37,1,1,0,11,2
1998_Q4,QC,6221,740,461,121,445,40
1998_Q4,SK,341,73,8,2,98,12
1998_Q4,YT,4,4,0,0,0,0
1999_Q1,AB,2224,164,40,13,356,23
1999_Q1,BC,2024,161,49,13,237,22
1999_Q1,CAN,18397,2498,731,215,2033,177
1999_Q1,MB,557,92,2,0,43,0
1999_Q1,NB,287,20,5,6,52,2
1999_Q1,NL,332,6,3,0,22,1
1999_Q1,NS,638,151,15,4,67,2
1999_Q1,NT,16,0,4,1,3,0
1999_Q1,ON,5749,1041,167,45,622,87
1999_Q1,PE,37,4,0,0,10,0
1999_Q1,QC,6105,786,439,133,499,33
1999_Q1,SK,417,70,7,0,122,7
1999_Q1,YT,11,3,0,0,0,0
1999_Q2,AB,2263,139,31,7,357,29
1999_Q2,BC,2139,145,27,22,247,23
1999_Q2,CAN,18940,2470,593,200,1975,192
1999_Q2,MB,684,90,5,2,65,2
1999_Q2,NB,326,18,4,2,39,6
1999_Q2,NL,371,10,7,0,8,1
1999_Q2,NS,710,145,5,6,59,2
1999_Q2,NT,19,0,0,0,3,1
1999_Q2,NU,0,0,0,0,0,0
1999_Q2,ON,6099,1093,151,34,585,76
1999_Q2,PE,38,0,1,0,10,0
1999_Q2,QC,5852,757,355,126,518,47
1999_Q2,SK,426,72,7,1,83,5
1999_Q2,YT,13,1,0,0,1,0
1999_Q3,AB,2139,144,26,7,344,39
1999_Q3,BC,1919,190,31,14,246,27
1999_Q3,CAN,17536,2491,485,156,1744,202
1999_Q3,MB,641,83,1,0,54,0
1999_Q3,NB,302,19,7,2,31,5
1999_Q3,NL,325,7,1,0,17,0
1999_Q3,NS,676,123,3,3,58,1
1999_Q3,NT,15,3,0,0,2,0
1999_Q3,NU,0,0,0,0,0,0
1999_Q3,ON,5680,1116,118,43,499,87
1999_Q3,PE,36,1,1,1,9,0
1999_Q3,QC,5433,744,292,86,375,35
1999_Q3,SK,364,61,5,0,109,8
1999_Q3,YT,6,0,0,0,0,0
1999_Q4,AB,2155,152,48,9,349,35
1999_Q4,BC,2098,176,28,14,214,15
1999_Q4,CAN,18111,2813,612,225,1860,201
1999_Q4,MB,584,65,1,3,45,5
1999_Q4,NB,298,25,3,2,42,4
1999_Q4,NL,302,5,0,0,15,1
1999_Q4,NS,625,137,9,6,68,3
1999_Q4,NT,9,1,0,0,0,0
1999_Q4,NU,0,0,0,0,0,0
1999_Q4,ON,5690,1354,132,48,610,91
1999_Q4,PE,46,3,3,0,6,1
1999_Q4,QC,5887,829,384,142,425,39
1999_Q4,SK,407,66,3,1,84,7
1999_Q4,YT,10,0,1,0,2,0
2000_Q1,AB,2315,191,69,6,417,36
2000_Q1,BC,2354,180,36,20,216,39
2000_Q1,CAN,19200,3199,617,220,2078,257
2000_Q1,MB,594,75,6,1,47,3
2000_Q1,NB,336,11,8,1,59,5
2000_Q1,NL,398,5,5,0,25,0
2000_Q1,NS,635,171,10,10,81,10
2000_Q1,NT,22,1,1,1,4,0
2000_Q1,NU,0,0,0,0,0,0
2000_Q1,ON,5898,1456,124,35,621,96
2000_Q1,PE,50,1,1,0,11,0
2000_Q1,QC,6049,1035,349,145,484,54
2000_Q1,SK,535,73,8,1,113,14
2000_Q1,YT,14,0,0,0,0,0
2000_Q2,AB,2419,169,35,7,326,40
2000_Q2,BC,2341,220,24,13,220,23
2000_Q2,CAN,19597,3177,580,193,1929,254
2000_Q2,MB,701,86,7,1,78,3
2000_Q2,NB,358,10,6,7,45,2
2000_Q2,NL,407,3,1,0,21,1
2000_Q2,NS,717,155,10,3,87,10
2000_Q2,NT,16,0,0,0,1,0
2000_Q2,NU,0,0,0,0,0,0
2000_Q2,ON,6363,1474,130,57,584,115
2000_Q2,PE,45,2,0,0,5,2
2000_Q2,QC,5782,992,364,105,445,46
2000_Q2,SK,438,64,3,0,116,12
2000_Q2,YT,10,2,0,0,1,0
2000_Q3,AB,2175,164,37,3,381,38
2000_Q3,BC,2216,210,32,25,220,28
2000_Q3,CAN,18372,3169,527,201,1850,215
2000_Q3,MB,639,92,4,2,50,6
2000_Q3,NB,337,13,3,1,52,0
2000_Q3,NL,371,2,1,0,27,0
2000_Q3,NS,713,121,5,1,68,7
2000_Q3,NT,11,0,0,0,1,0
2000_Q3,NU,0,0,0,0,0,0
2000_Q3,ON,5758,1347,121,47,598,71
2000_Q3,PE,46,2,0,0,4,0
2000_Q3,QC,5636,1156,318,121,365,58
2000_Q3,SK,463,62,6,1,83,7
2000_Q3,YT,7,0,0,0,1,0
2000_Q4,AB,1935,186,37,6,410,44
2000_Q4,BC,2258,243,28,24,204,30
2000_Q4,CAN,17918,3223,566,208,1913,213
2000_Q4,MB,542,67,5,0,56,5
2000_Q4,NB,362,23,10,1,43,0
2000_Q4,NL,381,5,5,0,35,0
2000_Q4,NS,749,128,8,1,83,8
2000_Q4,NT,15,0,0,0,1,0
2000_Q4,NU,0,0,0,0,0,0
2000_Q4,ON,5540,1315,145,46,602,76
2000_Q4,PE,41,2,0,0,5,0
2000_Q4,QC,5688,1207,322,130,370,43
2000_Q4,SK,397,47,6,0,102,7
2000_Q4,YT,10,0,0,0,2,0
2001_Q1,AB,2086,255,39,1,425,44
2001_Q1,BC,2503,268,40,20,231,24
2001_Q1,CAN,19344,3594,663,225,2128,283
2001_Q1,MB,566,81,10,1,83,8
2001_Q1,NB,431,39,9,0,59,3
2001_Q1,NL,467,5,2,0,13,1
2001_Q1,NS,797,109,10,2,101,4
2001_Q1,NT,19,1,0,0,0,0
2001_Q1,NU,0,0,0,0,0,0
2001_Q1,ON,5822,1493,176,56,649,129
2001_Q1,PE,51,0,0,0,6,0
2001_Q1,QC,6123,1248,368,145,435,55
2001_Q1,SK,472,93,9,0,126,15
2001_Q1,YT,7,2,0,0,0,0
2001_Q2,AB,2017,240,21,7,420,74
2001_Q2,BC,2481,224,41,14,228,26
2001_Q2,CAN,20622,3393,622,208,2118,279
2001_Q2,MB,707,97,5,1,67,2
2001_Q2,NB,430,13,8,3,61,4
2001_Q2,NL,493,2,1,0,37,1
2001_Q2,NS,928,97,10,5,108,7
2001_Q2,NT,2,0,0,0,0,0
2001_Q2,NU,0,0,0,0,0,0
2001_Q2,ON,6673,1536,213,46,697,93
2001_Q2,PE,49,3,0,0,9,0
2001_Q2,QC,6292,1090,321,132,382,55
2001_Q2,SK,543,90,2,0,107,17
2001_Q2,YT,7,1,0,0,2,0
2001_Q3,AB,1915,287,26,4,333,38
2001_Q3,BC,2232,260,33,20,203,21
2001_Q3,CAN,19051,3338,453,187,1695,199
2001_Q3,MB,566,112,5,0,58,4
2001_Q3,NB,421,13,4,2,52,2
2001_Q3,NL,464,5,0,0,28,0
2001_Q3,NS,884,151,6,4,79,7
2001_Q3,NT,8,1,0,1,1,0
2001_Q3,NU,0,0,0,0,0,0
2001_Q3,ON,6334,1441,112,40,557,87
2001_Q3,PE,42,0,3,0,5,0
2001_Q3,QC,5688,957,257,116,300,25
2001_Q3,SK,489,110,7,0,77,15
2001_Q3,YT,8,1,0,0,2,0
2001_Q4,AB,2092,294,39,6,397,46
2001_Q4,BC,2253,263,37,28,285,29
2001_Q4,CAN,20366,3711,674,218,2046,250
2001_Q4,MB,653,98,7,2,65,6
2001_Q4,NB,463,18,5,1,58,7
2001_Q4,NL,475,3,1,0,22,0
2001_Q4,NS,825,125,10,9,79,2
2001_Q4,NT,7,3,0,0,4,0
2001_Q4,NU,0,0,0,0,0,0
2001_Q4,ON,7041,1687,191,41,665,95
2001_Q4,PE,32,3,2,0,8,0
2001_Q4,QC,5996,1108,373,129,386,49
2001_Q4,SK,523,107,8,2,76,16
2001_Q4,YT,6,2,1,0,1,0
2002_Q1,AB,2070,337,32,6,544,76
2002_Q1,BC,2468,252,37,27,288,38
2002_Q1,CAN,19334,3902,558,215,2100,298
2002_Q1,MB,551,133,9,2,54,7
2002_Q1,NB,421,13,7,0,66,3
2002_Q1,NL,471,10,3,0,19,1
2002_Q1,NS,770,94,7,3,91,7
2002_Q1,NT,9,3,0,0,3,1
2002_Q1,NU,2,0,0,0,0,0
2002_Q1,ON,6446,1918,159,57,637,105
2002_Q1,PE,35,5,2,0,10,0
2002_Q1,QC,5558,1010,299,119,295,43
2002_Q1,SK,526,127,3,1,92,17
2002_Q1,YT,7,0,0,0,1,0
2002_Q2,AB,2154,275,30,11,501,67
2002_Q2,BC,2473,328,31,38,269,34
2002_Q2,CAN,20252,3789,522,244,1974,258
2002_Q2,MB,647,128,6,1,67,4
2002_Q2,NB,440,18,8,3,56,8
2002_Q2,NL,499,3,1,0,25,1
2002_Q2,NS,858,128,8,1,78,3
2002_Q2,NT,3,3,0,0,2,2
2002_Q2,NU,2,0,0,0,0,0
2002_Q2,ON,6960,1886,135,36,562,102
2002_Q2,PE,58,2,1,0,10,0
2002_Q2,QC,5629,914,301,153,301,25
2002_Q2,SK,525,101,1,1,100,12
2002_Q2,YT,4,3,0,0,3,0
2002_Q3,AB,1998,321,27,6,423,54
2002_Q3,BC,2388,317,17,21,224,29
2002_Q3,CAN,19247,3757,477,218,1677,240
2002_Q3,MB,636,166,6,2,55,8
2002_Q3,NB,458,9,4,1,31,1
2002_Q3,NL,468,2,2,0,16,0
2002_Q3,NS,760,126,7,3,59,2
2002_Q3,NT,8,1,0,0,0,2
2002_Q3,NU,0,0,0,0,0,0
2002_Q3,ON,6752,1772,150,31,576,102
2002_Q3,PE,30,0,1,1,5,0
2002_Q3,QC,5238,891,262,153,219,34
2002_Q3,SK,501,152,1,0,69,8
2002_Q3,YT,10,0,0,0,0,0
2002_Q4,AB,2008,301,35,5,402,49
2002_Q4,BC,2196,270,24,17,218,19
2002_Q4,CAN,19330,3705,510,233,1645,203
2002_Q4,MB,605,165,8,2,44,5
2002_Q4,NB,502,19,10,2,55,1
2002_Q4,NL,493,3,0,1,14,0
2002_Q4,NS,861,106,3,3,59,3
2002_Q4,NT,13,1,0,0,0,0
2002_Q4,NU,0,1,0,0,0,0
2002_Q4,ON,6851,1807,138,49,518,95
2002_Q4,PE,41,0,0,0,7,1
2002_Q4,QC,5297,929,287,154,261,24
2002_Q4,SK,457,103,5,0,67,6
2002_Q4,YT,6,0,0,0,0,0
2003_Q1,AB,2280,366,31,4,392,46
2003_Q1,BC,2465,321,25,18,272,32
2003_Q1,CAN,20649,4297,576,220,1808,250
2003_Q1,MB,624,201,5,3,56,7
2003_Q1,NB,530,20,3,2,46,4
2003_Q1,NL,566,10,3,0,12,3
2003_Q1,NS,919,110,10,3,77,4
2003_Q1,NT,5,3,1,0,0,1
2003_Q1,NU,0,1,0,0,0,0
2003_Q1,ON,7124,2129,160,46,575,115
2003_Q1,PE,45,2,2,0,5,0
2003_Q1,QC,5579,1030,330,144,280,31
2003_Q1,SK,506,104,6,0,92,7
2003_Q1,YT,6,0,0,0,1,0
2003_Q2,AB,2369,377,21,8,381,56
2003_Q2,BC,2459,306,20,20,233,18
2003_Q2,CAN,22098,4098,544,238,1769,249
2003_Q2,MB,705,157,11,1,61,4
2003_Q2,NB,635,30,10,4,49,0
2003_Q2,NL,587,1,1,0,17,1
2003_Q2,NS,958,137,7,5,77,8
2003_Q2,NT,8,2,0,0,0,0
2003_Q2,NU,0,0,0,0,0,0
2003_Q2,ON,7925,2053,148,52,550,97
2003_Q2,PE,51,3,2,0,8,0
2003_Q2,QC,5817,909,318,148,275,52
2003_Q2,SK,579,121,6,0,117,13
2003_Q2,YT,5,2,0,0,1,0
2003_Q3,AB,2356,318,28,9,367,45
2003_Q3,BC,2269,290,25,15,204,31
2003_Q3,CAN,20559,4013,480,180,1527,223
2003_Q3,MB,631,193,5,2,53,6
2003_Q3,NB,543,39,9,2,44,5
2003_Q3,NL,476,5,2,0,14,0
2003_Q3,NS,849,97,5,4,40,2
2003_Q3,NT,9,0,0,0,1,1
2003_Q3,NU,0,1,0,0,0,0
2003_Q3,ON,7440,2023,139,33,511,99
2003_Q3,PE,42,0,1,0,9,0
2003_Q3,QC,5378,901,262,114,209,23
2003_Q3,SK,564,144,4,1,75,11
2003_Q3,YT,2,2,0,0,0,0
2003_Q4,AB,2147,278,24,14,396,59
2003_Q4,BC,2188,320,20,20,203,22
2003_Q4,CAN,20926,4078,496,224,1649,245
2003_Q4,MB,649,144,2,2,50,2
2003_Q4,NB,548,30,11,10,46,3
2003_Q4,NL,525,8,1,0,9,0
2003_Q4,NS,774,86,6,1,55,3
2003_Q4,NT,4,2,0,0,0,2
2003_Q4,NU,1,0,0,0,0,0
2003_Q4,ON,7730,2101,143,51,568,110
2003_Q4,PE,65,1,1,0,8,0
2003_Q4,QC,5750,966,278,124,245,32
2003_Q4,SK,541,140,10,2,69,12
2003_Q4,YT,4,2,0,0,0,0
2004_Q1,AB,2453,390,23,13,451,65
2004_Q1,BC,2298,297,32,27,208,15
2004_Q1,CAN,21738,4543,573,231,1747,229
2004_Q1,MB,536,175,3,5,46,4
2004_Q1,NB,667,35,13,7,45,3
2004_Q1,NL,600,7,1,0,9,2
2004_Q1,NS,893,97,7,2,59,3
2004_Q1,NT,8,4,0,0,4,0
2004_Q1,NU,0,1,0,1,0,0
2004_Q1,ON,7523,2346,159,42,566,102
2004_Q1,PE,57,3,1,0,8,0
2004_Q1,QC,6143,1039,326,130,246,26
2004_Q1,SK,554,145,8,4,104,9
2004_Q1,YT,6,4,0,0,1,0
2004_Q2,AB,2231,345,24,5,381,78
2004_Q2,BC,2249,336,20,21,222,26
2004_Q2,CAN,22055,4241,466,172,1585,265
2004_Q2,MB,632,164,5,1,39,10
2004_Q2,NB,646,35,5,4,52,4
2004_Q2,NL,603,9,3,1,15,0
2004_Q2,NS,992,101,3,3,57,10
2004_Q2,NT,4,2,0,1,4,0
2004_Q2,NU,2,1,0,0,1,0
2004_Q2,ON,8190,2218,128,34,504,84
2004_Q2,PE,70,1,0,0,8,0
2004_Q2,QC,5834,882,270,102,203,36
2004_Q2,SK,597,146,8,0,98,17
2004_Q2,YT,5,1,0,0,1,0
2004_Q3,AB,2032,298,20,15,325,54
2004_Q3,BC,1907,293,23,16,176,23
2004_Q3,CAN,20021,3911,448,210,1349,206
2004_Q3,MB,565,184,6,2,31,5
2004_Q3,NB,602,49,5,6,42,3
2004_Q3,NL,508,8,0,0,17,0
2004_Q3,NS,895,105,8,0,60,3
2004_Q3,NT,8,1,0,0,0,0
2004_Q3,NU,0,0,0,0,0,0
2004_Q3,ON,7443,2023,135,49,426,81
2004_Q3,PE,50,4,0,0,10,0
2004_Q3,QC,5523,813,248,122,190,27
2004_Q3,SK,488,131,3,0,71,10
2004_Q3,YT,0,2,0,0,1,0
2004_Q4,AB,1995,271,20,7,326,45
2004_Q4,BC,1923,262,24,11,218,15
2004_Q4,CAN,20594,3953,473,206,1495,212
2004_Q4,MB,606,185,3,1,45,3
2004_Q4,NB,629,39,5,3,40,8
2004_Q4,NL,609,6,0,0,11,0
2004_Q4,NS,969,97,5,4,56,3
2004_Q4,NT,12,0,0,0,1,0
2004_Q4,NU,0,0,0,0,0,0
2004_Q4,ON,7577,2011,140,64,500,97
2004_Q4,PE,76,2,0,0,12,1
2004_Q4,QC,5640,957,274,113,211,32
2004_Q4,SK,548,121,2,3,74,8
2004_Q4,YT,10,2,0,0,1,0
2005_Q1,AB,2015,321,22,7,394,58
2005_Q1,BC,2204,321,24,18,172,29
2005_Q1,CAN,21027,4450,527,207,1595,240
2005_Q1,MB,565,205,3,3,40,5
2005_Q1,NB,651,56,8,4,49,3
2005_Q1,NL,656,10,1,3,16,0
2005_Q1,NS,987,114,4,2,77,4
2005_Q1,NT,8,1,0,0,2,0
2005_Q1,NU,3,0,0,0,0,0
2005_Q1,ON,7426,2319,138,65,578,104
2005_Q1,PE,67,6,0,0,11,0
2005_Q1,QC,5924,937,323,103,165,20
2005_Q1,SK,516,160,4,2,89,17
2005_Q1,YT,5,0,0,0,2,0
2005_Q2,AB,2019,334,28,6,332,79
2005_Q2,BC,2184,342,25,7,177,16
2005_Q2,CAN,22756,4856,467,172,1551,270
2005_Q2,MB,641,160,3,4,43,4
2005_Q2,NB,739,45,7,4,56,3
2005_Q2,NL,759,14,2,0,12,0
2005_Q2,NS,1073,143,3,2,69,4
2005_Q2,NT,10,3,0,0,0,0
2005_Q2,NU,1,0,0,0,0,0
2005_Q2,ON,8612,2624,152,44,571,101
2005_Q2,PE,87,4,0,0,7,0
2005_Q2,QC,6041,997,242,104,188,37
2005_Q2,SK,578,190,5,1,96,26
2005_Q2,YT,12,0,0,0,0,0
2005_Q3,AB,1897,348,12,5,202,48
2005_Q3,BC,1944,309,23,14,179,16
2005_Q3,CAN,20314,4131,394,141,1268,203
2005_Q3,MB,646,180,4,1,24,4
2005_Q3,NB,564,40,3,1,34,10
2005_Q3,NL,664,10,1,0,5,1
2005_Q3,NS,944,129,5,4,50,5
2005_Q3,NT,8,0,1,0,2,0
2005_Q3,NU,0,0,0,0,0,0
2005_Q3,ON,7514,2116,129,33,523,82
2005_Q3,PE,86,3,0,1,10,0
2005_Q3,QC,5524,868,212,78,153,19
2005_Q3,SK,513,128,4,4,84,18
2005_Q3,YT,10,0,0,0,2,0
2005_Q4,AB,1610,304,13,3,192,38
2005_Q4,BC,1840,324,13,7,173,17
2005_Q4,CAN,20505,4565,458,189,1277,221
2005_Q4,MB,655,167,2,2,30,6
2005_Q4,NB,625,44,1,1,45,4
2005_Q4,NL,589,21,1,0,18,0
2005_Q4,NS,972,119,5,3,64,0
2005_Q4,NT,9,1,0,1,1,1
2005_Q4,NU,0,0,0,0,1,0
2005_Q4,ON,7724,2319,144,53,495,98
2005_Q4,PE,95,9,1,0,12,0
2005_Q4,QC,5937,1110,273,118,158,33
2005_Q4,SK,442,145,4,1,88,24
2005_Q4,YT,7,2,1,0,0,0
2006_Q1,AB,1470,318,16,6,197,48
2006_Q1,BC,1943,370,25,5,164,26
2006_Q1,CAN,20655,4771,511,175,1381,244
2006_Q1,MB,601,146,0,3,43,5
2006_Q1,NB,635,49,3,2,47,6
2006_Q1,NL,688,25,0,0,13,0
2006_Q1,NS,882,102,7,1,60,3
2006_Q1,NT,11,5,0,1,2,0
2006_Q1,NU,1,0,0,0,0,0
2006_Q1,ON,7290,2452,156,39,573,104
2006_Q1,PE,86,0,1,1,11,0
2006_Q1,QC,6488,1147,298,115,199,21
2006_Q1,SK,552,156,5,2,71,31
2006_Q1,YT,8,1,0,0,1,0
2006_Q2,AB,1443,295,20,3,197,41
2006_Q2,BC,1884,359,14,6,145,23
2006_Q2,CAN,20401,4734,456,146,1346,219
2006_Q2,MB,600,115,2,1,43,4
2006_Q2,NB,660,54,6,6,55,4
2006_Q2,NL,675,27,0,0,11,1
2006_Q2,NS,905,122,4,4,45,2
2006_Q2,NT,9,0,1,0,0,0
2006_Q2,NU,0,0,0,0,0,2
2006_Q2,ON,7631,2494,115,26,589,95
2006_Q2,PE,85,2,2,0,7,0
2006_Q2,QC,6051,1144,289,99,166,24
2006_Q2,SK,452,122,3,1,88,23
2006_Q2,YT,6,0,0,0,0,0
2006_Q3,AB,1216,263,13,4,103,18
2006_Q3,BC,1644,363,20,18,99,17
2006_Q3,CAN,18901,4752,396,164,1020,158
2006_Q3,MB,528,148,3,2,32,3
2006_Q3,NB,591,50,9,4,33,4
2006_Q3,NL,527,19,0,0,8,0
2006_Q3,NS,844,146,6,3,57,1
2006_Q3,NT,14,0,0,0,1,0
2006_Q3,NU,1,0,0,0,0,0
2006_Q3,ON,7308,2473,96,28,478,74
2006_Q3,PE,75,6,0,0,13,0
2006_Q3,QC,5786,1135,245,102,147,25
2006_Q3,SK,362,147,4,3,48,16
2006_Q3,YT,5,2,0,0,1,0
2006_Q4,AB,1121,272,12,6,108,35
2006_Q4,BC,1550,319,17,14,103,16
2006_Q4,CAN,19288,4986,492,152,1145,166
2006_Q4,MB,525,149,3,1,34,6
2006_Q4,NB,540,62,5,3,35,7
2006_Q4,NL,542,22,0,0,13,0
2006_Q4,NS,840,136,8,1,54,4
2006_Q4,NT,5,2,0,0,1,0
2006_Q4,NU,0,0,0,0,0,0
2006_Q4,ON,7634,2664,141,35,523,56
2006_Q4,PE,81,3,1,0,6,1
2006_Q4,QC,6028,1231,302,91,188,25
2006_Q4,SK,417,125,3,1,79,16
2006_Q4,YT,5,1,0,0,1,0
2007_Q1,AB,1226,304,10,6,129,33
2007_Q1,BC,1796,360,24,7,94,23
2007_Q1,CAN,19883,5469,485,152,1260,202
2007_Q1,MB,493,148,0,0,42,3
2007_Q1,NB,604,67,3,6,32,5
2007_Q1,NL,574,29,1,0,15,1
2007_Q1,NS,905,132,8,1,58,4
2007_Q1,NT,3,3,0,0,0,0
2007_Q1,NU,1,0,0,0,2,0
2007_Q1,ON,7391,3019,145,37,576,78
2007_Q1,PE,78,5,0,0,11,0
2007_Q1,QC,6393,1229,292,94,237,28
2007_Q1,SK,417,173,2,1,64,27
2007_Q1,YT,2,0,0,0,0,0
2007_Q2,AB,1256,319,14,0,113,16
2007_Q2,BC,1733,368,14,13,114,14
2007_Q2,CAN,20871,5492,487,168,1117,185
2007_Q2,MB,550,135,2,2,27,0
2007_Q2,NB,701,58,9,1,40,6
2007_Q2,NL,593,26,3,0,15,0
2007_Q2,NS,955,155,5,2,48,7
2007_Q2,NT,14,0,0,0,0,0
2007_Q2,NU,2,0,0,0,0,0
2007_Q2,ON,8227,3088,140,36,501,95
2007_Q2,PE,79,12,0,1,10,1
2007_Q2,QC,6352,1201,298,109,203,30
2007_Q2,SK,402,128,1,4,45,16
2007_Q2,YT,7,2,1,0,1,0
2007_Q3,AB,1135,278,10,3,95,21
2007_Q3,BC,1525,333,14,9,91,18
2007_Q3,CAN,19504,5059,434,139,1003,162
2007_Q3,MB,508,130,0,0,13,1
2007_Q3,NB,581,94,8,0,25,7
2007_Q3,NL,520,16,0,0,9,1
2007_Q3,NS,858,121,4,2,30,2
2007_Q3,NT,7,0,0,2,0,0
2007_Q3,NU,0,0,0,0,0,0
2007_Q3,ON,7825,2835,115,25,496,76
2007_Q3,PE,77,4,1,2,4,1
2007_Q3,QC,6131,1125,280,96,189,23
2007_Q3,SK,331,123,2,0,51,12
2007_Q3,YT,6,0,0,0,0,0
2007_Q4,AB,1151,278,7,4,71,22
2007_Q4,BC,1597,343,21,9,98,16
2007_Q4,CAN,19589,5426,484,146,1023,165
2007_Q4,MB,490,131,1,0,17,4
2007_Q4,NB,568,81,5,0,29,7
2007_Q4,NL,434,23,0,0,9,0
2007_Q4,NS,769,125,7,1,46,3
2007_Q4,NT,7,0,0,0,2,0
2007_Q4,NU,0,0,0,0,0,0
2007_Q4,ON,7996,3032,106,27,506,82
2007_Q4,PE,63,8,0,0,6,0
2007_Q4,QC,6196,1289,335,104,201,22
2007_Q4,SK,313,116,2,1,37,9
2007_Q4,YT,5,0,0,0,1,0
2008_Q1,AB,1318,320,16,8,94,19
2008_Q1,BC,1647,333,14,9,93,20
2008_Q1,CAN,20466,5680,558,159,1101,204
2008_Q1,MB,464,110,5,0,30,1
2008_Q1,NB,581,91,4,3,42,9
2008_Q1,NL,496,10,0,0,16,0
2008_Q1,NS,915,165,10,1,40,2
2008_Q1,NT,1,2,0,0,1,0
2008_Q1,NU,0,2,0,0,0,0
2008_Q1,ON,7690,3099,158,30,537,96
2008_Q1,PE,106,8,1,0,2,2
2008_Q1,QC,6876,1430,347,107,201,29
2008_Q1,SK,368,110,2,1,43,26
2008_Q1,YT,4,0,1,0,2,0
2008_Q2,AB,1418,309,17,6,103,14
2008_Q2,BC,1688,388,16,8,79,10
2008_Q2,CAN,22412,6274,550,164,1061,147
2008_Q2,MB,507,134,3,2,26,3
2008_Q2,NB,672,87,3,0,59,8
2008_Q2,NL,584,15,0,1,9,0
2008_Q2,NS,1047,145,5,3,41,11
2008_Q2,NT,7,1,0,0,0,0
2008_Q2,NU,3,0,0,0,0,0
2008_Q2,ON,9106,3555,141,28,498,71
2008_Q2,PE,94,5,0,0,4,0
2008_Q2,QC,6960,1540,362,114,207,21
2008_Q2,SK,319,94,2,2,35,9
2008_Q2,YT,7,1,1,0,0,0
2008_Q3,AB,1497,335,13,8,94,5
2008_Q3,BC,1815,423,17,6,123,9
2008_Q3,CAN,22776,6184,472,190,942,109
2008_Q3,MB,507,166,2,0,18,0
2008_Q3,NB,720,116,5,4,48,8
2008_Q3,NL,582,10,2,0,3,0
2008_Q3,NS,995,133,2,0,38,5
2008_Q3,NT,7,0,0,0,0,0
2008_Q3,NU,1,0,0,0,0,0
2008_Q3,ON,9175,3468,122,36,398,53
2008_Q3,PE,111,3,0,1,5,0
2008_Q3,QC,6963,1434,307,131,186,23
2008_Q3,SK,396,95,2,4,29,6
2008_Q3,YT,7,1,0,0,0,0
2008_Q4,AB,1833,358,13,10,97,7
2008_Q4,BC,2143,445,29,13,83,11
2008_Q4,CAN,24956,7041,569,179,911,129
2008_Q4,MB,547,166,3,0,16,3
2008_Q4,NB,682,120,1,2,34,13
2008_Q4,NL,471,12,5,0,4,0
2008_Q4,NS,1013,139,4,5,22,4
2008_Q4,NT,7,0,0,0,0,0
2008_Q4,NU,3,0,0,0,0,0
2008_Q4,ON,10229,4120,140,40,443,61
2008_Q4,PE,133,7,0,2,2,1
2008_Q4,QC,7518,1555,370,106,177,23
2008_Q4,SK,368,117,4,1,33,6
2008_Q4,YT,9,2,0,0,0,0
2009_Q1,AB,2353,401,14,9,100,6
2009_Q1,BC,2616,526,18,15,90,9
2009_Q1,CAN,27542,8001,576,265,854,101
2009_Q1,MB,581,138,6,4,5,3
2009_Q1,NB,673,135,3,4,21,3
2009_Q1,NL,631,37,1,0,5,0
2009_Q1,NS,1003,196,12,3,22,1
2009_Q1,NT,7,4,0,0,0,0
2009_Q1,NU,1,0,0,0,0,0
2009_Q1,ON,10589,4586,158,52,391,45
2009_Q1,PE,106,4,1,0,3,0
2009_Q1,QC,8563,1834,361,175,181,22
2009_Q1,SK,414,139,2,3,36,12
2009_Q1,YT,5,1,0,0,0,0
2009_Q2,AB,2706,477,16,20,75,7
2009_Q2,BC,2784,641,27,9,97,19
2009_Q2,CAN,31659,8590,577,218,931,111
2009_Q2,MB,674,151,3,1,27,1
2009_Q2,NB,886,140,7,4,23,3
2009_Q2,NL,738,23,0,0,14,1
2009_Q2,NS,1208,157,5,3,49,1
2009_Q2,NT,11,3,0,0,0,0
2009_Q2,NU,5,0,0,0,0,0
2009_Q2,ON,12862,5113,153,52,455,45
2009_Q2,PE,148,7,0,0,9,2
2009_Q2,QC,9108,1734,362,128,132,19
2009_Q2,SK,519,144,4,1,50,13
2009_Q2,YT,10,0,0,0,0,0
2009_Q3,AB,2917,586,17,13,86,9
2009_Q3,BC,2926,635,14,30,68,7
2009_Q3,CAN,32138,8451,502,175,787,107
2009_Q3,MB,643,184,3,0,7,5
2009_Q3,NB,1024,116,7,4,13,10
2009_Q3,NL,631,35,0,0,3,0
2009_Q3,NS,1292,156,5,1,19,3
2009_Q3,NT,17,0,0,0,0,0
2009_Q3,NU,0,0,0,1,0,0
2009_Q3,ON,13004,4907,147,24,422,50
2009_Q3,PE,108,4,3,1,7,0
2009_Q3,QC,9074,1656,306,100,117,14
2009_Q3,SK,487,172,0,1,45,9
2009_Q3,YT,15,0,0,0,0,0
2009_Q4,AB,2010,626,25,9,72,8
2009_Q4,BC,2313,688,27,6,39,10
2009_Q4,CAN,25042,10289,541,215,652,117
2009_Q4,MB,545,166,2,4,12,5
2009_Q4,NB,704,164,7,3,20,0
2009_Q4,NL,542,30,1,0,9,0
2009_Q4,NS,1076,226,6,1,28,7
2009_Q4,NT,4,1,0,0,0,0
2009_Q4,NU,2,1,0,0,0,0
2009_Q4,ON,10066,5808,134,29,348,54
2009_Q4,PE,151,18,0,1,4,0
2009_Q4,QC,7244,2375,336,160,99,14
2009_Q4,SK,374,184,3,0,21,19
2009_Q4,YT,11,2,0,2,0,0
2010_Q1,AB,2097,680,24,14,81,21
2010_Q1,BC,2452,758,35,6,37,16
2010_Q1,CAN,23388,10467,522,201,581,141
2010_Q1,MB,493,166,5,1,20,1
2010_Q1,NB,717,147,7,5,11,1
2010_Q1,NL,632,34,2,0,3,0
2010_Q1,NS,1054,216,8,1,14,4
2010_Q1,NT,8,3,0,0,0,0
2010_Q1,NU,1,0,0,0,0,0
2010_Q1,ON,8326,5716,141,34,283,66
2010_Q1,PE,113,18,2,0,3,0
2010_Q1,QC,7067,2529,296,138,98,18
2010_Q1,SK,423,197,2,2,31,14
2010_Q1,YT,5,3,0,0,0,0
2010_Q2,AB,2194,683,21,8,74,6
2010_Q2,BC,2571,760,29,7,31,3
2010_Q2,CAN,24792,10666,509,209,597,86
2010_Q2,MB,537,175,2,2,14,0
2010_Q2,NB,860,157,17,1,5,2
2010_Q2,NL,666,42,3,0,4,0
2010_Q2,NS,1106,233,3,5,41,5
2010_Q2,NT,13,4,0,0,0,0
2010_Q2,NU,0,0,0,0,0,0
2010_Q2,ON,8988,5914,122,24,316,35
2010_Q2,PE,135,13,0,0,3,0
2010_Q2,QC,7320,2474,310,161,89,24
2010_Q2,SK,394,210,2,0,20,11
2010_Q2,YT,8,1,0,1,0,0
2010_Q3,AB,1973,658,24,7,67,12
2010_Q3,BC,2209,741,12,4,38,9
2010_Q3,CAN,22078,10254,374,169,503,104
2010_Q3,MB,469,173,0,4,10,1
2010_Q3,NB,818,159,5,1,9,1
2010_Q3,NL,499,38,0,0,3,0
2010_Q3,NS,1016,243,3,5,29,5
2010_Q3,NT,3,4,0,1,0,0
2010_Q3,NU,0,0,0,0,0,0
2010_Q3,ON,7858,5711,92,30,241,54
2010_Q3,PE,127,22,0,2,3,0
2010_Q3,QC,6719,2311,237,115,84,13
2010_Q3,SK,380,194,1,0,19,9
2010_Q3,YT,7,0,0,0,0,0
2010_Q4,AB,1886,699,26,9,61,9
2010_Q4,BC,2442,790,25,8,22,1
2010_Q4,CAN,22436,10927,493,137,493,107
2010_Q4,MB,495,165,0,0,17,1
2010_Q4,NB,714,141,8,1,8,1
2010_Q4,NL,581,29,1,0,5,2
2010_Q4,NS,1004,258,8,4,32,0
2010_Q4,NT,7,1,0,0,0,0
2010_Q4,NU,3,0,0,0,0,0
2010_Q4,ON,7828,6278,108,25,230,59
2010_Q4,PE,137,11,1,1,4,3
2010_Q4,QC,6994,2357,314,88,92,22
2010_Q4,SK,331,197,2,0,22,9
2010_Q4,YT,14,1,0,1,0,0
2011_Q1,AB,1894,713,23,3,55,9
2011_Q1,BC,2204,808,14,7,31,3
2011_Q1,CAN,20026,11578,483,172,487,124
2011_Q1,MB,406,173,2,1,12,6
2011_Q1,NB,637,136,1,2,6,4
2011_Q1,NL,508,33,1,0,9,0
2011_Q1,NS,978,268,6,1,30,4
2011_Q1,NT,8,5,0,2,0,0
2011_Q1,NU,2,0,0,0,0,0
2011_Q1,ON,6228,6495,118,29,221,62
2011_Q1,PE,162,17,0,0,3,0
2011_Q1,QC,6647,2721,316,125,94,15
2011_Q1,SK,344,207,2,2,26,21
2011_Q1,YT,8,2,0,0,0,0
2011_Q2,AB,1906,757,16,16,39,12
2011_Q2,BC,2057,882,15,11,37,5
2011_Q2,CAN,20696,11397,502,187,455,113
2011_Q2,MB,400,153,1,2,8,0
2011_Q2,NB,814,143,8,2,8,2
2011_Q2,NL,533,33,1,0,6,0
2011_Q2,NS,947,199,4,1,23,5
2011_Q2,NT,8,4,0,0,0,0
2011_Q2,NU,3,0,0,0,0,0
2011_Q2,ON,6839,6481,117,30,224,53
2011_Q2,PE,139,19,0,1,2,1
2011_Q2,QC,6703,2513,339,124,84,25
2011_Q2,SK,339,213,1,0,24,10
2011_Q2,YT,8,0,0,0,0,0
2011_Q3,AB,1654,757,17,6,47,9
2011_Q3,BC,1985,936,18,10,29,5
2011_Q3,CAN,18611,10689,386,159,430,89
2011_Q3,MB,355,159,0,0,13,1
2011_Q3,NB,693,185,6,5,9,1
2011_Q3,NL,487,31,0,0,5,0
2011_Q3,NS,857,252,2,2,12,2
2011_Q3,NT,9,3,0,0,0,0
2011_Q3,NU,1,1,0,0,0,0
2011_Q3,ON,6057,5829,75,28,215,42
2011_Q3,PE,117,33,0,0,4,0
2011_Q3,QC,6067,2315,267,108,63,19
2011_Q3,SK,320,186,1,0,32,10
2011_Q3,YT,9,2,0,0,1,0
2011_Q4,AB,1575,784,30,10,37,12
2011_Q4,BC,1794,1010,22,3,26,7
2011_Q4,CAN,18660,11342,528,175,372,113
2011_Q4,MB,353,156,10,0,14,4
2011_Q4,NB,704,188,4,1,1,0
2011_Q4,NL,429,27,1,2,1,0
2011_Q4,NS,805,250,4,2,14,1
2011_Q4,NT,8,0,0,0,0,0
2011_Q4,NU,0,0,0,0,0,0
2011_Q4,ON,6405,6126,115,32,191,62
2011_Q4,PE,102,31,0,0,6,0
2011_Q4,QC,6210,2592,340,125,66,17
2011_Q4,SK,269,177,2,0,16,10
2011_Q4,YT,6,1,0,0,0,0
2012_Q1,AB,1618,859,17,6,47,18
2012_Q1,BC,1937,1087,17,10,39,13
2012_Q1,CAN,18235,12178,459,197,424,112
2012_Q1,MB,305,157,2,1,9,5
2012_Q1,NB,752,246,9,1,7,1
2012_Q1,NL,398,31,1,0,6,0
2012_Q1,NS,832,252,6,4,15,1
2012_Q1,NT,10,8,0,0,0,0
2012_Q1,NU,0,1,0,0,0,0
2012_Q1,ON,5659,6310,105,39,195,48
2012_Q1,PE,112,25,1,2,6,1
2012_Q1,QC,6343,2983,300,133,73,15
2012_Q1,SK,265,218,1,1,27,10
2012_Q1,YT,4,1,0,0,0,0
2012_Q2,AB,1522,872,24,6,46,15
2012_Q2,BC,2070,1090,9,6,36,3
2012_Q2,CAN,19087,12188,445,173,378,112
2012_Q2,MB,337,168,0,0,5,4
2012_Q2,NB,800,215,7,4,6,1
2012_Q2,NL,450,52,0,0,1,0
2012_Q2,NS,918,261,9,0,13,2
2012_Q2,NT,5,3,0,0,0,1
2012_Q2,NU,0,0,0,0,0,0
2012_Q2,ON,6275,6456,81,35,166,57
2012_Q2,PE,114,49,0,0,2,1
2012_Q2,QC,6328,2833,313,121,80,17
2012_Q2,SK,264,188,1,1,23,11
2012_Q2,YT,4,1,1,0,0,0
2012_Q3,AB,1364,822,14,5,33,5
2012_Q3,BC,1811,995,19,9,30,11
2012_Q3,CAN,17056,10994,449,159,305,96
2012_Q3,MB,322,134,2,0,6,0
2012_Q3,NB,709,255,4,4,5,4
2012_Q3,NL,390,30,1,3,3,1
2012_Q3,NS,747,263,5,4,11,2
2012_Q3,NT,3,6,0,0,0,0
2012_Q3,NU,0,1,0,0,1,0
2012_Q3,ON,5606,5643,97,25,143,47
2012_Q3,PE,111,37,1,0,2,0
2012_Q3,QC,5726,2631,306,108,55,10
2012_Q3,SK,262,170,0,1,16,16
2012_Q3,YT,5,7,0,0,0,0
2012_Q4,AB,1255,890,16,12,33,15
2012_Q4,BC,1744,962,15,18,27,6
2012_Q4,CAN,17117,11543,444,179,332,89
2012_Q4,MB,312,142,1,1,11,2
2012_Q4,NB,645,221,10,1,5,1
2012_Q4,NL,373,26,2,0,1,0
2012_Q4,NS,724,285,5,2,22,5
2012_Q4,NT,11,7,0,0,0,0
2012_Q4,NU,0,1,0,0,0,0
2012_Q4,ON,5696,5736,86,28,169,40
2012_Q4,PE,135,35,0,0,1,0
2012_Q4,QC,6002,3079,309,116,52,11
2012_Q4,SK,210,154,0,1,11,9
2012_Q4,YT,10,5,0,0,0,0
2013_Q1,AB,1287,896,3,9,33,10
2013_Q1,BC,1768,1065,26,18,31,1
2013_Q1,CAN,16635,12152,498,202,308,77
2013_Q1,MB,259,140,6,0,8,1
2013_Q1,NB,657,234,6,3,5,1
2013_Q1,NL,402,29,0,1,4,1
2013_Q1,NS,723,294,12,4,11,2
2013_Q1,NT,5,4,0,0,0,0
2013_Q1,NU,1,0,0,0,0,0
2013_Q1,ON,5054,5680,89,34,147,32
2013_Q1,PE,100,28,2,0,4,0
2013_Q1,QC,6134,3636,349,132,48,16
2013_Q1,SK,243,143,3,1,17,13
2013_Q1,YT,2,3,2,0,0,0
2013_Q2,AB,1273,962,14,5,21,6
2013_Q2,BC,1932,1294,20,13,32,4
2013_Q2,CAN,18812,13060,498,199,319,107
2013_Q2,MB,330,172,2,0,8,2
2013_Q2,NB,759,258,7,2,10,3
2013_Q2,NL,432,41,1,1,6,0
2013_Q2,NS,911,364,9,2,12,5
2013_Q2,NT,6,5,0,0,0,0
2013_Q2,NU,0,1,0,0,0,0
2013_Q2,ON,6024,5964,97,31,158,53
2013_Q2,PE,110,35,1,1,0,1
2013_Q2,QC,6768,3775,346,143,52,23
2013_Q2,SK,260,187,1,1,20,10
2013_Q2,YT,7,2,0,0,0,0
2013_Q3,AB,1139,840,15,4,14,5
2013_Q3,BC,1678,1189,15,6,22,8
2013_Q3,CAN,17107,12082,480,160,277,69
2013_Q3,MB,298,171,1,0,17,4
2013_Q3,NB,740,319,5,4,8,1
2013_Q3,NL,364,38,0,6,4,2
2013_Q3,NS,842,409,10,4,12,1
2013_Q3,NT,9,4,0,0,0,0
2013_Q3,NU,1,0,0,0,0,0
2013_Q3,ON,5323,5431,84,19,146,28
2013_Q3,PE,121,59,0,1,6,1
2013_Q3,QC,6305,3463,347,116,35,9
2013_Q3,SK,284,158,3,0,13,10
2013_Q3,YT,3,1,0,0,0,0
2013_Q4,AB,990,871,19,15,18,3
2013_Q4,BC,1752,1124,17,10,26,6
2013_Q4,CAN,16670,12160,532,208,275,72
2013_Q4,MB,327,155,5,1,8,4
2013_Q4,NB,690,298,12,2,11,2
2013_Q4,NL,326,46,1,0,5,0
2013_Q4,NS,819,298,4,7,14,2
2013_Q4,NT,11,7,0,0,0,0
2013_Q4,NU,1,1,0,0,0,0
2013_Q4,ON,5372,5286,107,34,130,31
2013_Q4,PE,109,55,1,0,4,1
2013_Q4,QC,6014,3852,366,137,48,13
2013_Q4,SK,251,164,0,2,11,10
2013_Q4,YT,8,3,0,0,0,0
2014_Q1,AB,1003,1045,8,4,16,6
2014_Q1,BC,1596,1135,19,18,29,4
2014_Q1,CAN,15637,13133,506,202,269,83
2014_Q1,MB,243,152,8,1,7,0
2014_Q1,NB,645,289,5,4,15,2
2014_Q1,NL,340,38,0,0,7,2
2014_Q1,NS,759,362,2,6,6,3
2014_Q1,NT,7,7,0,0,0,0
2014_Q1,NU,2,1,0,0,0,0
2014_Q1,ON,4650,5569,86,43,107,38
2014_Q1,PE,116,56,1,2,0,0
2014_Q1,QC,5983,4288,374,123,55,13
2014_Q1,SK,286,189,3,1,27,15
2014_Q1,YT,7,2,0,0,0,0
2014_Q2,AB,1065,1191,8,3,17,3
2014_Q2,BC,1813,1273,27,6,33,5
2014_Q2,CAN,17396,13622,540,213,265,66
2014_Q2,MB,303,197,1,1,16,1
2014_Q2,NB,817,341,5,2,11,3
2014_Q2,NL,386,41,1,1,4,0
2014_Q2,NS,1039,407,5,4,12,2
2014_Q2,NT,6,5,0,0,0,0
2014_Q2,NU,0,0,0,0,0,0
2014_Q2,ON,5117,5740,88,40,115,28
2014_Q2,PE,130,44,1,1,4,0
2014_Q2,QC,6425,4169,401,151,36,13
2014_Q2,SK,289,209,3,4,17,11
2014_Q2,YT,6,5,0,0,0,0
2014_Q3,AB,898,1071,11,6,12,8
2014_Q3,BC,1502,1309,17,9,35,4
2014_Q3,CAN,15895,13193,493,172,229,49
2014_Q3,MB,329,170,2,1,3,3
2014_Q3,NB,793,342,4,1,8,1
2014_Q3,NL,322,56,0,0,3,0
2014_Q3,NS,986,390,4,4,9,2
2014_Q3,NT,3,5,0,0,0,0
2014_Q3,NU,0,1,0,0,0,0
2014_Q3,ON,4693,5358,101,21,113,17
2014_Q3,PE,154,58,2,1,1,1
2014_Q3,QC,5932,4202,350,128,35,3
2014_Q3,SK,276,227,2,1,10,10
2014_Q3,YT,7,4,0,0,0,0
2014_Q4,AB,893,1115,18,4,15,2
2014_Q4,BC,1434,1321,18,3,22,7
2014_Q4,CAN,15911,13263,566,270,248,48
2014_Q4,MB,325,172,1,1,10,1
2014_Q4,NB,766,315,6,5,14,1
2014_Q4,NL,300,62,2,0,10,0
2014_Q4,NS,942,342,4,2,10,2
2014_Q4,NT,10,6,0,0,0,0
2014_Q4,NU,2,0,1,0,0,0
2014_Q4,ON,4774,5207,111,49,114,19
2014_Q4,PE,102,61,1,0,3,0
2014_Q4,QC,6107,4448,401,204,38,12
2014_Q4,SK,254,208,3,1,12,4
2014_Q4,YT,2,6,0,1,0,0
2015_Q1,AB,997,1227,11,6,9,4
2015_Q1,BC,1508,1399,14,11,13,8
2015_Q1,CAN,15147,14711,558,204,237,89
2015_Q1,MB,290,206,1,0,2,3
2015_Q1,NB,619,314,5,4,7,7
2015_Q1,NL,330,62,0,0,4,2
2015_Q1,NS,803,405,2,7,7,3
2015_Q1,NT,4,4,0,0,0,0
2015_Q1,NU,0,1,0,0,0,0
2015_Q1,ON,4315,5550,108,35,131,37
2015_Q1,PE,119,60,0,1,2,1
2015_Q1,QC,5904,5225,417,140,49,16
2015_Q1,SK,251,254,0,0,13,8
2015_Q1,YT,7,4,0,0,0,0
2015_Q2,AB,1099,1367,20,7,14,3
2015_Q2,BC,1507,1489,10,7,28,5
2015_Q2,CAN,17078,14700,529,203,257,63
2015_Q2,MB,361,165,2,0,4,2
2015_Q2,NB,773,436,5,2,5,2
2015_Q2,NL,423,83,3,0,3,0
2015_Q2,NS,1012,374,7,9,19,1
2015_Q2,NT,6,4,0,0,0,0
2015_Q2,NU,1,0,0,0,0,0
2015_Q2,ON,4889,5679,112,41,116,31
2015_Q2,PE,134,82,0,0,5,1
2015_Q2,QC,6574,4762,370,136,45,12
2015_Q2,SK,298,254,0,1,18,6
2015_Q2,YT,1,5,0,0,0,0
2015_Q3,AB,1067,1410,12,12,6,1
2015_Q3,BC,1375,1534,12,5,30,3
2015_Q3,CAN,15586,14235,496,174,217,49
2015_Q3,MB,310,216,1,2,7,3
2015_Q3,NB,770,406,11,4,6,1
2015_Q3,NL,394,65,0,2,6,0
2015_Q3,NS,896,395,12,3,6,0
2015_Q3,NT,5,6,0,0,0,0
2015_Q3,NU,0,0,0,0,0,0
2015_Q3,ON,4283,5294,115,39,100,21
2015_Q3,PE,124,71,1,0,1,1
2015_Q3,QC,6078,4552,330,106,26,9
2015_Q3,SK,276,281,2,1,29,10
2015_Q3,YT,8,5,0,0,0,0
2015_Q4,AB,1117,1526,16,4,7,2
2015_Q4,BC,1293,1475,16,15,31,14
2015_Q4,CAN,15595,14557,539,179,256,57
2015_Q4,MB,303,247,2,0,7,2
2015_Q4,NB,652,361,6,1,14,0
2015_Q4,NL,351,114,0,2,5,0
2015_Q4,NS,937,410,6,1,10,0
2015_Q4,NT,13,10,0,0,0,0
2015_Q4,NU,1,2,0,0,0,0
2015_Q4,ON,4471,5454,90,30,112,23
2015_Q4,PE,142,74,0,0,3,0
2015_Q4,QC,5983,4627,402,125,45,9
2015_Q4,SK,330,254,1,1,22,7
2015_Q4,YT,2,3,0,0,0,0
2016_Q1,AB,1388,1809,14,15,7,1
2016_Q1,BC,1318,1576,11,11,29,7
2016_Q1,CAN,15355,15721,571,188,212,59
2016_Q1,MB,321,287,0,3,5,1
2016_Q1,NB,633,323,4,4,8,1
2016_Q1,NL,364,179,0,1,3,1
2016_Q1,NS,915,366,6,0,7,0
2016_Q1,NT,5,5,0,0,0,0
2016_Q1,NU,2,3,0,0,0,0
2016_Q1,ON,4108,5812,86,30,82,27
2016_Q1,PE,123,78,1,0,0,0
2016_Q1,QC,5853,4944,446,123,46,14
2016_Q1,SK,318,331,3,1,25,7
2016_Q1,YT,7,8,0,0,0,0
2016_Q2,AB,1455,2071,19,2,10,2
2016_Q2,BC,1284,1677,13,5,32,3
2016_Q2,CAN,17635,16628,539,220,217,51
2016_Q2,MB,411,303,0,2,13,4
2016_Q2,NB,837,400,3,1,8,3
2016_Q2,NL,454,240,2,2,3,0
2016_Q2,NS,1181,465,10,4,10,1
2016_Q2,NT,9,5,0,0,0,0
2016_Q2,NU,0,1,0,0,1,0
2016_Q2,ON,4762,6017,99,53,94,27
2016_Q2,PE,121,79,0,2,3,3
2016_Q2,QC,6712,4966,389,145,27,4
2016_Q2,SK,399,396,4,4,16,4
2016_Q2,YT,10,8,0,0,0,0
2016_Q3,AB,1278,1965,21,6,6,2
2016_Q3,BC,1095,1458,14,6,16,6
2016_Q3,CAN,15197,15219,456,163,186,43
2016_Q3,MB,352,273,3,1,6,0
2016_Q3,NB,704,393,7,2,4,1
2016_Q3,NL,381,214,2,1,3,0
2016_Q3,NS,1073,501,5,2,12,0
2016_Q3,NT,9,10,0,0,0,0
2016_Q3,NU,1,0,0,0,0,0
2016_Q3,ON,4011,5466,92,28,75,22
2016_Q3,PE,131,75,2,0,1,0
2016_Q3,QC,5805,4444,308,116,44,9
2016_Q3,SK,350,414,2,1,19,3
2016_Q3,YT,7,6,0,0,0,0
2016_Q4,AB,1306,1898,28,13,16,6
2016_Q4,BC,1022,1376,24,9,10,3
2016_Q4,CAN,15185,14938,513,180,190,61
2016_Q4,MB,364,296,0,1,7,6
2016_Q4,NB,730,422,3,1,8,1
2016_Q4,NL,353,214,2,1,7,0
2016_Q4,NS,1022,425,4,5,9,0
2016_Q4,NT,12,5,0,0,0,0
2016_Q4,NU,0,2,0,0,0,0
2016_Q4,ON,4023,5412,90,35,73,27
2016_Q4,PE,125,70,0,0,0,1
2016_Q4,QC,5871,4414,361,115,39,11
2016_Q4,SK,354,398,1,0,21,6
2016_Q4,YT,3,6,0,0,0,0
2017_Q1,AB,1321,2034,12,5,15,3
2017_Q1,BC,1110,1473,24,3,20,3
2017_Q1,CAN,14316,16368,502,194,180,53
2017_Q1,MB,302,335,2,0,10,0
2017_Q1,NB,554,429,6,0,2,0
2017_Q1,NL,335,258,0,5,4,1
2017_Q1,NS,890,480,2,0,7,0
2017_Q1,NT,3,8,0,0,0,0
2017_Q1,NU,0,0,0,0,0,0
2017_Q1,ON,3771,5873,95,46,62,21
2017_Q1,PE,88,86,1,0,5,0
2017_Q1,QC,5619,4973,357,134,40,14
2017_Q1,SK,320,414,3,1,15,11
2017_Q1,YT,3,5,0,0,0,0
2017_Q2,AB,1302,2064,25,14,16,5
2017_Q2,BC,1159,1464,18,5,13,1
2017_Q2,CAN,15761,16193,551,148,198,56
2017_Q2,MB,337,290,3,0,6,1
2017_Q2,NB,706,468,10,2,8,3
2017_Q2,NL,373,273,2,1,6,0
2017_Q2,NS,1092,461,3,1,9,0
2017_Q2,NT,9,6,1,0,0,0
2017_Q2,NU,0,0,0,0,0,0
2017_Q2,ON,4218,5872,84,27,74,25
2017_Q2,PE,111,52,1,2,1,0
2017_Q2,QC,6060,4817,402,95,35,13
2017_Q2,SK,387,425,2,1,30,8
2017_Q2,YT,7,1,0,0,0,0
2017_Q3,AB,1182,2101,16,15,12,5
2017_Q3,BC,939,1432,7,2,15,2
2017_Q3,CAN,13930,15605,409,148,176,57
2017_Q3,MB,341,296,1,2,3,1
2017_Q3,NB,626,494,5,0,1,0
2017_Q3,NL,308,284,4,0,2,1
2017_Q3,NS,980,499,3,1,11,2
2017_Q3,NT,18,6,0,0,0,0
2017_Q3,NU,0,0,0,0,0,0
2017_Q3,ON,3626,5556,90,34,67,24
2017_Q3,PE,98,69,0,0,2,0
2017_Q3,QC,5495,4376,282,94,46,18
2017_Q3,SK,314,487,1,0,17,4
2017_Q3,YT,3,5,0,0,0,0
2017_Q4,AB,1203,2079,17,13,18,4
2017_Q4,BC,938,1476,8,11,12,1
2017_Q4,CAN,13962,16063,485,191,199,62
2017_Q4,MB,395,308,1,0,7,2
2017_Q4,NB,571,513,5,8,6,1
2017_Q4,NL,351,297,3,5,2,0
2017_Q4,NS,845,477,2,2,6,0
2017_Q4,NT,21,9,0,0,0,0
2017_Q4,NU,2,2,0,0,0,0
2017_Q4,ON,3721,5530,84,31,76,38
2017_Q4,PE,90,79,0,0,0,0
2017_Q4,QC,5473,4857,362,120,39,10
2017_Q4,SK,347,428,3,1,33,6
2017_Q4,YT,5,8,0,0,0,0
2018_Q1,AB,1196,2220,17,10,14,6
2018_Q1,BC,1042,1423,6,3,16,4
2018_Q1,CAN,13163,17234,511,148,189,82
2018_Q1,MB,261,311,2,0,6,0
2018_Q1,NB,453,489,4,0,1,0
2018_Q1,NL,311,380,1,0,3,0
2018_Q1,NS,787,512,6,2,6,2
2018_Q1,NT,9,15,0,0,0,0
2018_Q1,NU,0,0,0,0,0,0
2018_Q1,ON,3458,5814,88,18,92,37
2018_Q1,PE,112,79,0,0,1,0
2018_Q1,QC,5242,5501,386,113,36,23
2018_Q1,SK,288,484,1,2,14,10
2018_Q1,YT,4,6,0,0,0,0
2018_Q2,AB,1302,2531,17,7,24,3
2018_Q2,BC,1105,1601,8,1,12,4
2018_Q2,CAN,14794,17862,468,160,188,62
2018_Q2,MB,401,386,0,1,5,0
2018_Q2,NB,606,565,5,0,10,0
2018_Q2,NL,376,366,0,0,3,0
2018_Q2,NS,974,574,2,1,3,1
2018_Q2,NT,15,10,0,0,0,0
2018_Q2,NU,0,2,0,0,0,0
2018_Q2,ON,4025,6176,105,30,72,27
2018_Q2,PE,119,69,1,0,0,0
2018_Q2,QC,5557,5039,328,119,45,21
2018_Q2,SK,310,538,2,1,14,6
2018_Q2,YT,4,5,0,0,0,0
2018_Q3,AB,1198,2316,21,3,19,9
2018_Q3,BC,976,1424,3,2,13,3
2018_Q3,CAN,13549,16764,455,143,154,74
2018_Q3,MB,325,351,2,0,6,1
2018_Q3,NB,611,580,4,1,1,2
2018_Q3,NL,353,319,4,1,2,0
2018_Q3,NS,877,486,6,3,3,4
2018_Q3,NT,10,8,0,0,0,0
2018_Q3,NU,0,1,0,0,0,0
2018_Q3,ON,3590,5817,95,33,59,28
2018_Q3,PE,92,71,0,0,1,1
2018_Q3,QC,5163,4835,320,99,40,16
2018_Q3,SK,354,552,0,1,10,10
2018_Q3,YT,0,4,0,0,0,0
2018_Q4,AB,1229,2563,22,2,28,4
2018_Q4,BC,949,1652,7,7,10,4
2018_Q4,CAN,13585,18315,518,157,194,77
2018_Q4,MB,377,412,1,0,4,0
2018_Q4,NB,592,584,5,1,2,1
2018_Q4,NL,336,361,2,3,5,0
2018_Q4,NS,845,540,4,0,3,1
2018_Q4,NT,8,3,0,0,0,0
2018_Q4,NU,0,0,0,0,0,0
2018_Q4,ON,3587,6389,109,45,68,31
2018_Q4,PE,103,86,0,0,0,0
2018_Q4,QC,5226,5173,367,99,57,26
2018_Q4,SK,328,545,1,0,17,10
2018_Q4,YT,5,7,0,0,0,0
2019_Q1,AB,1385,2549,17,10,27,8
2019_Q1,BC,985,1577,9,8,12,3
2019_Q1,CAN,12776,19463,558,144,195,75
2019_Q1,MB,295,414,0,0,7,0
2019_Q1,NB,520,566,6,0,3,4
2019_Q1,NL,316,446,3,0,7,0
2019_Q1,NS,776,607,5,1,6,0
2019_Q1,NT,3,14,0,0,0,0
2019_Q1,NU,0,4,0,0,0,0
2019_Q1,ON,3264,6907,104,36,72,27
2019_Q1,PE,92,79,0,0,0,0
2019_Q1,QC,4816,5781,413,89,50,22
2019_Q1,SK,322,515,1,0,11,11
2019_Q1,YT,2,4,0,0,0,0
2019_Q2,AB,1439,2801,12,6,18,8
2019_Q2,BC,1043,1803,9,5,16,5
2019_Q2,CAN,14348,20728,541,161,185,87
2019_Q2,MB,399,420,4,1,7,2
2019_Q2,NB,640,668,8,1,4,0
2019_Q2,NL,427,481,1,0,10,0
2019_Q2,NS,888,716,9,2,9,1
2019_Q2,NT,0,15,0,0,0,0
2019_Q2,NU,0,0,0,0,0,0
2019_Q2,ON,3963,7616,109,29,75,33
2019_Q2,PE,100,102,2,0,3,0
2019_Q2,QC,5135,5592,387,116,33,27
2019_Q2,SK,311,507,0,1,10,11
2019_Q2,YT,3,7,0,0,0,0
2019_Q3,AB,1396,2819,31,6,12,11
2019_Q3,BC,1067,1858,12,4,16,5
2019_Q3,CAN,13757,20951,441,141,176,69
2019_Q3,MB,347,434,5,0,3,1
2019_Q3,NB,614,641,7,4,2,1
2019_Q3,NL,368,425,4,1,5,0
2019_Q3,NS,783,720,2,4,6,0
2019_Q3,NT,4,14,0,1,1,0
2019_Q3,NU,0,0,0,0,0,0
2019_Q3,ON,3738,7776,75,27,79,31
2019_Q3,PE,91,81,1,1,0,0
2019_Q3,QC,5061,5640,302,91,38,14
2019_Q3,SK,285,540,2,2,14,6
2019_Q3,YT,3,3,0,0,0,0
2019_Q4,AB,1369,2917,23,12,15,7
2019_Q4,BC,1039,1849,6,1,10,6
2019_Q4,CAN,13528,21627,472,164,178,93
2019_Q4,MB,303,534,2,1,5,1
2019_Q4,NB,569,633,2,1,2,0
2019_Q4,NL,355,403,2,2,3,3
2019_Q4,NS,746,804,8,0,6,0
2019_Q4,NT,2,14,0,0,0,0
2019_Q4,NU,0,2,2,0,0,0
2019_Q4,ON,3612,7976,74,34,64,33
2019_Q4,PE,103,101,0,0,3,0
2019_Q4,QC,5026,5814,351,113,46,34
2019_Q4,SK,399,574,2,0,24,9
2019_Q4,YT,5,6,0,0,0,0
2020_Q1,AB,1206,3090,27,5,15,2
2020_Q1,BC,946,1656,8,7,7,11
2020_Q1,CAN,11448,21779,483,162,147,91
2020_Q1,MB,230,564,1,5,3,0
2020_Q1,NB,453,694,3,0,0,0
2020_Q1,NL,268,354,0,0,2,0
2020_Q1,NS,583,682,6,2,4,0
2020_Q1,NT,5,10,0,0,0,0
2020_Q1,NU,0,0,0,0,0,0
2020_Q1,ON,3135,8039,85,30,60,47
2020_Q1,PE,80,58,0,0,1,0
2020_Q1,QC,4242,6093,349,113,36,28
2020_Q1,SK,298,537,4,0,19,3
2020_Q1,YT,2,2,0,0,0,0
2020_Q2,AB,741,1985,13,9,9,6
2020_Q2,BC,539,1310,16,16,5,4
2020_Q2,CAN,6413,12747,385,110,66,46
2020_Q2,MB,170,415,5,0,6,1
2020_Q2,NB,277,326,3,1,0,1
2020_Q2,NL,169,174,1,0,0,0
2020_Q2,NS,309,371,0,0,2,0
2020_Q2,NT,3,6,0,0,0,0
2020_Q2,NU,0,3,0,0,0,0
2020_Q2,ON,1883,5250,106,24,28,21
2020_Q2,PE,40,50,0,1,0,0
2020_Q2,QC,2092,2467,240,58,13,11
2020_Q2,SK,185,379,1,1,3,2
2020_Q2,YT,5,11,0,0,0,0
2020_Q3,AB,795,1984,12,1,16,4
2020_Q3,BC,555,1195,15,3,5,1
2020_Q3,CAN,7164,13543,408,92,95,33
2020_Q3,MB,200,357,2,0,7,1
2020_Q3,NB,348,413,2,0,1,2
2020_Q3,NL,176,262,2,0,3,0
2020_Q3,NS,348,402,1,0,0,0
2020_Q3,NT,2,13,0,0,0,0
2020_Q3,NU,0,3,1,0,0,0
2020_Q3,ON,1980,5481,103,31,26,13
2020_Q3,PE,39,56,0,0,0,0
2020_Q3,QC,2553,2989,269,56,33,10
2020_Q3,SK,168,384,1,1,4,2
2020_Q3,YT,0,4,0,0,0,0
2020_Q4,AB,860,2428,24,5,6,6
2020_Q4,BC,569,1500,15,5,9,1
2020_Q4,CAN,7855,15509,418,84,106,60
2020_Q4,MB,187,404,1,0,3,0
2020_Q4,NB,408,446,4,1,3,3
2020_Q4,NL,155,315,0,0,2,0
2020_Q4,NS,359,444,2,0,1,1
2020_Q4,NT,0,8,0,0,0,0
2020_Q4,NU,0,6,0,0,0,0
2020_Q4,ON,2215,6009,87,24,41,33
2020_Q4,PE,44,59,0,0,0,0
2020_Q4,QC,2827,3420,280,49,38,16
2020_Q4,SK,227,462,5,0,3,0
2020_Q4,YT,4,8,0,0,0,0
2021_Q1,AB,781,2851,12,6,8,6
2021_Q1,BC,612,1606,10,5,4,3
2021_Q1,CAN,7320,16504,393,79,78,53
2021_Q1,MB,185,428,1,1,5,1
2021_Q1,NB,350,452,0,1,0,0
2021_Q1,NL,169,284,1,0,1,0
2021_Q1,NS,351,462,4,0,3,0
2021_Q1,NT,2,10,0,0,0,0
2021_Q1,NU,0,2,0,0,0,0
2021_Q1,ON,1922,6096,72,18,21,19
2021_Q1,PE,43,61,0,0,0,0
2021_Q1,QC,2690,3726,284,48,28,23
2021_Q1,SK,212,522,9,0,8,1
2021_Q1,YT,3,4,0,0,0,0
2021_Q2,AB,741,2919,18,10,10,8
2021_Q2,BC,603,1695,3,5,6,4
2021_Q2,CAN,7325,15564,393,88,83,44
2021_Q2,MB,204,434,4,0,2,1
2021_Q2,NB,364,471,3,0,1,0
2021_Q2,NL,198,315,2,0,2,0
2021_Q2,NS,339,461,0,1,1,0
2021_Q2,NT,3,13,0,0,0,0
2021_Q2,NU,0,2,0,0,0,0
2021_Q2,ON,2085,5480,77,20,26,15
2021_Q2,PE,49,46,0,0,0,0
2021_Q2,QC,2548,3231,283,49,31,14
2021_Q2,SK,188,493,3,3,4,2
2021_Q2,YT,3,4,0,0,0,0
2021_Q3,AB,577,2657,14,6,7,7
2021_Q3,BC,488,1570,8,0,6,6
2021_Q3,CAN,6324,14789,348,63,68,57
2021_Q3,MB,191,412,5,2,4,0
2021_Q3,NB,279,409,1,0,2,0
2021_Q3,NL,130,238,1,0,2,0
2021_Q3,NS,297,407,0,0,1,0
2021_Q3,NT,0,9,0,0,0,0
2021_Q3,NU,1,3,0,0,0,0
2021_Q3,ON,1704,5361,95,22,19,24
2021_Q3,PE,32,46,1,0,0,1
2021_Q3,QC,2456,3235,223,33,23,16
2021_Q3,SK,168,434,0,0,4,3
2021_Q3,YT,1,8,0,0,0,0
2021_Q4,AB,632,2798,13,2,6,6
2021_Q4,BC,469,1656,7,1,5,1
2021_Q4,CAN,6492,15774,486,92,93,62
2021_Q4,MB,202,451,0,0,4,1
2021_Q4,NB,248,412,3,1,0,0
2021_Q4,NL,145,258,0,1,2,0
2021_Q4,NS,281,409,1,0,3,3
2021_Q4,NT,4,12,0,0,0,0
2021_Q4,NU,0,4,0,0,0,0
2021_Q4,ON,1869,5810,105,26,32,22
2021_Q4,PE,45,62,0,0,2,0
2021_Q4,QC,2419,3362,357,61,31,26
2021_Q4,SK,176,531,0,0,8,3
2021_Q4,YT,2,9,0,0,0,0
2022_Q1,AB,587,2896,16,4,18,8
2022_Q1,BC,448,1844,14,5,15,5
2022_Q1,CAN,5975,17178,477,107,139,84
2022_Q1,MB,130,444,3,2,2,2
2022_Q1,NB,259,480,2,0,4,1
2022_Q1,NL,142,286,0,0,1,0
2022_Q1,NS,261,435,1,4,3,0
2022_Q1,NT,1,20,0,0,0,0
2022_Q1,NU,0,1,0,0,0,0
2022_Q1,ON,1650,6166,95,32,52,37
2022_Q1,PE,45,65,1,0,0,0
2022_Q1,QC,2282,3971,342,60,36,28
2022_Q1,SK,168,563,3,0,8,3
2022_Q1,YT,2,7,0,0,0,0
2022_Q2,AB,640,3289,14,5,14,18
2022_Q2,BC,465,2012,10,3,15,6
2022_Q2,CAN,6510,18776,508,82,115,91
2022_Q2,MB,195,509,2,1,2,1
2022_Q2,NB,293,500,1,0,2,1
2022_Q2,NL,184,304,0,0,6,0
2022_Q2,NS,364,574,1,0,2,2
2022_Q2,NT,2,15,0,0,0,0
2022_Q2,NU,0,2,0,0,0,0
2022_Q2,ON,1969,6848,113,26,31,30
2022_Q2,PE,47,69,0,0,0,0
2022_Q2,QC,2190,4003,366,44,37,30
2022_Q2,SK,161,633,1,3,6,3
2022_Q2,YT,0,18,0,0,0,0
2022_Q3,AB,558,3117,18,22,16,17
2022_Q3,BC,442,2226,11,6,19,9
2022_Q3,CAN,6281,19579,486,93,129,88
2022_Q3,MB,207,548,2,2,1,2
2022_Q3,NB,265,560,3,0,4,1
2022_Q3,NL,180,340,0,0,2,2
2022_Q3,NS,316,625,3,0,2,0
2022_Q3,NT,0,11,0,0,0,0
2022_Q3,NU,0,3,0,0,0,0
2022_Q3,ON,1790,7170,119,18,43,27
2022_Q3,PE,38,74,0,0,0,0
2022_Q3,QC,2313,4276,328,42,34,25
2022_Q3,SK,170,618,2,3,8,5
2022_Q3,YT,2,11,0,0,0,0
2022_Q4,AB,589,3199,26,7,11,23
2022_Q4,BC,466,2264,9,4,12,10
2022_Q4,CAN,5820,20065,628,114,139,122
2022_Q4,MB,202,538,0,2,5,5
2022_Q4,NB,210,561,3,2,2,0
2022_Q4,NL,168,324,0,0,1,0
2022_Q4,NS,267,625,1,1,4,3
2022_Q4,NT,0,7,0,0,0,2
2022_Q4,NU,0,7,0,0,0,0
2022_Q4,ON,1724,7419,153,28,52,50
2022_Q4,PE,39,66,1,1,0,0
2022_Q4,QC,2010,4388,434,69,47,23
2022_Q4,SK,143,660,1,0,5,6
2022_Q4,YT,2,7,0,0,0,0
2023_Q1,AB,655,3844,23,7,16,10
2023_Q1,BC,497,2506,23,4,12,10
2023_Q1,CAN,6265,23460,697,129,131,113
2023_Q1,MB,200,630,2,1,5,2
2023_Q1,NB,216,597,4,0,1,3
2023_Q1,NL,177,342,0,0,2,1
2023_Q1,NS,298,711,4,0,4,1
2023_Q1,NT,1,13,1,0,0,0
2023_Q1,NU,1,4,0,0,0,0
2023_Q1,ON,1780,8519,170,23,56,39
2023_Q1,PE,38,89,0,0,0,0
2023_Q1,QC,2250,5435,470,93,30,39
2023_Q1,SK,147,760,0,1,5,8
2023_Q1,YT,5,10,0,0,0,0
2023_Q2,AB,667,3787,18,7,15,13
2023_Q2,BC,534,2789,24,4,20,20
2023_Q2,CAN,6945,24279,664,127,161,138
2023_Q2,MB,265,693,1,0,5,3
2023_Q2,NB,251,716,3,0,4,2
2023_Q2,NL,205,452,0,0,4,1
2023_Q2,NS,327,850,4,1,2,2
2023_Q2,NT,7,12,0,0,0,0
2023_Q2,NU,1,2,0,0,0,0
2023_Q2,ON,2153,9097,150,31,48,47
2023_Q2,PE,34,106,0,0,1,0
2023_Q2,QC,2293,5016,462,84,51,45
2023_Q2,SK,207,746,2,0,10,5
2023_Q2,YT,1,13,0,0,1,0
2023_Q3,AB,627,3665,19,15,11,16
2023_Q3,BC,455,2717,35,8,21,14
2023_Q3,CAN,6428,24043,702,174,144,109
2023_Q3,MB,210,700,2,0,8,5
2023_Q3,NB,219,707,1,0,2,2
2023_Q3,NL,158,369,1,4,6,3
2023_Q3,NS,299,773,1,2,6,4
2023_Q3,NT,2,12,0,0,0,0
2023_Q3,NU,0,5,0,0,0,0
2023_Q3,ON,1980,8952,162,40,49,30
2023_Q3,PE,27,99,0,0,0,0
2023_Q3,QC,2293,5292,480,105,37,30
2023_Q3,SK,157,747,1,0,4,5
2023_Q3,YT,1,5,0,0,0,0
2023_Q4,AB,623,4053,27,24,13,20
2023_Q4,BC,536,2862,30,2,14,12
2023_Q4,CAN,6578,25235,1044,176,159,142
2023_Q4,MB,221,704,1,0,5,3
2023_Q4,NB,189,626,4,0,2,4
2023_Q4,NL,146,403,1,0,3,3
2023_Q4,NS,259,782,4,1,3,3
2023_Q4,NT,2,12,1,0,0,0
2023_Q4,NU,0,2,0,0,0,0
2023_Q4,ON,2118,9232,285,29,71,50
2023_Q4,PE,24,85,0,0,0,0
2023_Q4,QC,2303,5695,691,120,35,40
2023_Q4,SK,157,771,0,0,13,7
2023_Q4,YT,0,8,0,0,0,0
2024_Q1,AB,619,3966,25,18,28,23
2024_Q1,BC,533,3002,26,11,24,26
2024_Q1,CAN,6849,27036,1429,232,170,172
2024_Q1,MB,189,726,2,1,10,1
2024_Q1,NB,210,666,5,0,3,4
2024_Q1,NL,135,416,1,0,1,1
2024_Q1,NS,271,785,2,0,6,3
2024_Q1,NT,2,18,0,0,0,0
2024_Q1,NU,0,1,0,0,0,0
2024_Q1,ON,2145,10153,464,58,46,66
2024_Q1,PE,34,110,1,0,3,0
2024_Q1,QC,2551,6323,898,141,42,44
2024_Q1,SK,158,858,5,3,7,4
2024_Q1,YT,2,12,0,0,0,0
2024_Q2,AB,668,4232,22,13,17,27
2024_Q2,BC,569,2977,29,2,26,7
2024_Q2,CAN,7745,27337,1032,169,167,173
2024_Q2,MB,251,714,11,0,3,3
2024_Q2,NB,225,630,3,0,2,4
2024_Q2,NL,153,410,1,0,3,4
2024_Q2,NS,346,848,9,0,4,1
2024_Q2,NT,2,13,0,0,0,0
2024_Q2,NU,1,5,0,0,0,0
2024_Q2,ON,2648,10661,252,46,61,57
2024_Q2,PE,46,88,2,0,0,2
2024_Q2,QC,2660,5934,703,108,45,62
2024_Q2,SK,174,818,0,0,6,5
2024_Q2,YT,2,7,0,0,0,1
2024_Q3,AB,714,4172,10,6,13,22
2024_Q3,BC,585,2758,35,6,21,19
2024_Q3,CAN,7247,27341,821,185,157,149
2024_Q3,MB,212,756,1,0,4,5
2024_Q3,NB,233,660,4,1,0,6
2024_Q3,NL,129,440,1,1,4,1
2024_Q3,NS,319,820,6,6,4,2
2024_Q3,NT,2,17,0,0,0,0
2024_Q3,NU,0,2,0,0,0,0
2024_Q3,ON,2283,10857,238,47,56,53
2024_Q3,PE,41,94,0,0,0,1
2024_Q3,QC,2554,5957,526,117,48,38
2024_Q3,SK,173,799,0,1,7,2
2024_Q3,YT,2,9,0,0,0,0
2024_Q4,AB,586,4033,17,6,24,20
2024_Q4,BC,552,2889,26,9,16,21
2024_Q4,CAN,7199,26541,820,172,175,165
2024_Q4,MB,227,706,1,0,7,4
2024_Q4,NB,209,696,4,0,3,5
2024_Q4,NL,129,426,2,1,1,3
2024_Q4,NS,290,689,5,0,7,5
2024_Q4,NT,0,13,0,0,0,0
2024_Q4,NU,0,2,0,0,0,0
2024_Q4,ON,2339,10551,242,54,66,67
2024_Q4,PE,39,107,0,1,2,0
2024_Q4,QC,2660,5651,516,98,45,34
2024_Q4,SK,166,767,6,3,4,6
2024_Q4,YT,2,11,1,0,0,0
2025_Q1,AB,632,4185,33,11,32,27
2025_Q1,BC,527,3206,30,7,27,21
2025_Q1,CAN,7108,27818,833,177,169,130
2025_Q1,MB,199,728,1,0,5,2
2025_Q1,NB,203,681,4,1,4,2
2025_Q1,NL,123,464,0,0,4,2
2025_Q1,NS,261,800,6,6,4,2
2025_Q1,NT,1,16,0,0,0,0
2025_Q1,NU,0,4,0,0,0,0
2025_Q1,ON,2186,10398,214,42,53,43
2025_Q1,PE,35,116,0,0,1,0
2025_Q1,QC,2756,6443,537,111,34,28
2025_Q1,SK,183,760,4,0,6,2
2025_Q1,YT,2,16,1,0,0,0
2025_Q2,AB,719,4145,15,10,22,26
2025_Q2,BC,648,3146,28,11,18,11
2025_Q2,CAN,7800,27314,823,170,178,107
2025_Q2,MB,224,792,2,0,3,0
2025_Q2,NB,235,642,5,1,3,2
2025_Q2,NL,155,522,2,0,3,1
2025_Q2,NS,316,855,7,1,2,0
2025_Q2,NT,2,15,0,0,0,0
2025_Q2,NU,0,1,0,0,0,0
2025_Q2,ON,2621,10671,211,44,74,40
2025_Q2,PE,51,85,0,1,0,0
2025_Q2,QC,2635,5737,548,100,45,22
2025_Q2,SK,190,696,5,2,8,5
2025_Q2,YT,4,7,0,0,0,0
2025_Q3,AB,616,4125,17,20,38,19
2025_Q3,BC,659,3334,25,5,26,11
2025_Q3,CAN,7787,28469,681,155,160,112
2025_Q3,MB,215,812,1,2,4,0
2025_Q3,NB,202,722,2,0,1,0
2025_Q3,NL,133,483,0,2,0,0
2025_Q3,NS,295,776,6,0,3,2
2025_Q3,NT,0,10,0,0,0,0
2025_Q3,NU,1,2,0,0,0,0
2025_Q3,ON,2666,11227,197,36,49,41
2025_Q3,PE,41,110,0,0,0,3
2025_Q3,QC,2769,6129,432,90,35,33
2025_Q3,SK,188,732,1,0,4,3
2025_Q3,YT,2,7,0,0,0,0
2025_Q4,AB,675,3805,20,6,12,25
2025_Q4,BC,605,3295,21,3,25,13
2025_Q4,CAN,7718,27144,705,150,156,111
2025_Q4,MB,229,780,5,0,0,1
2025_Q4,NB,205,644,2,1,2,3
2025_Q4,NL,97,415,3,0,1,0
2025_Q4,NS,280,768,4,3,3,0
2025_Q4,NT,4,11,0,0,0,0
2025_Q4,NU,1,7,0,0,0,0
2025_Q4,ON,2783,10737,194,35,67,35
2025_Q4,PE,38,124,0,0,0,0
2025_Q4,QC,2652,5894,456,102,42,31
2025_Q4,SK,144,649,0,0,4,3
2025_Q4,YT,5,15,0,0,0,0
2026_Q1,AB,234,1232,10,0,6,4
2026_Q1,BC,184,1180,13,2,4,6
2026_Q1,CAN,2349,9059,235,43,53,36
2026_Q1,MB,56,226,2,0,0,0
2026_Q1,NB,59,191,0,0,0,2
2026_Q1,NL,38,155,0,0,0,0
2026_Q1,NS,79,234,0,1,0,2
2026_Q1,NT,1,0,0,0,0,0
2026_Q1,NU,0,0,0,0,0,0
2026_Q1,ON,764,3405,72,8,25,12
2026_Q1,PE,11,37,0,0,0,0
2026_Q1,QC,861,2176,138,32,18,9
2026_Q1,SK,60,216,0,0,0,1
2026_Q1,YT,2,7,0,0,0,0
